"","gene","breadth"
"1","PF3D7_0103100",3
"2","PF3D7_0103400",5
"3","PF3D7_0104000",1
"4","PF3D7_0104100",1
"5","PF3D7_0104200",3
"6","PF3D7_0104300",2
"7","PF3D7_0104400",1
"8","PF3D7_0105700",5
"9","PF3D7_0106100",2
"10","PF3D7_0106200",1
"11","PF3D7_0106500",3
"12","PF3D7_0106800",1
"13","PF3D7_0106900",2
"14","PF3D7_0107000",4
"15","PF3D7_0107300",1
"16","PF3D7_0107700",1
"17","PF3D7_0107800",1
"18","PF3D7_0108100",2
"19","PF3D7_0108600",1
"20","PF3D7_0108800",1
"21","PF3D7_0109300",1
"22","PF3D7_0109400",1
"23","PF3D7_0109850",2
"24","PF3D7_0109950",1
"25","PF3D7_0110100",1
"26","PF3D7_0110500",2
"27","PF3D7_0111300",2
"28","PF3D7_0111600",1
"29","PF3D7_0111800",1
"30","PF3D7_0112000",1
"31","PF3D7_0112100",1
"32","PF3D7_0112200",1
"33","PF3D7_0113200",2
"34","PF3D7_0113400",1
"35","PF3D7_0113800",1
"36","PF3D7_0113900",1
"37","PF3D7_0114000",1
"38","PF3D7_0115100",1
"39","PF3D7_0201500",1
"40","PF3D7_0201900",2
"41","PF3D7_0202000",2
"42","PF3D7_0202600",2
"43","PF3D7_0203100",1
"44","PF3D7_0203300",1
"45","PF3D7_0203400",2
"46","PF3D7_0203600",1
"47","PF3D7_0203700",1
"48","PF3D7_0204000",1
"49","PF3D7_0204200",4
"50","PF3D7_0204300",2
"51","PF3D7_0205000",1
"52","PF3D7_0205100",1
"53","PF3D7_0205600",1
"54","PF3D7_0205900",5
"55","PF3D7_0206000",1
"56","PF3D7_0206500",1
"57","PF3D7_0206800",2
"58","PF3D7_0208400",3
"59","PF3D7_0208700",2
"60","PF3D7_0209000",1
"61","PF3D7_0209200",1
"62","PF3D7_0209800",2
"63","PF3D7_0210100",2
"64","PF3D7_0210400",1
"65","PF3D7_0210500",1
"66","PF3D7_0210600",2
"67","PF3D7_0210900",1
"68","PF3D7_0211400",1
"69","PF3D7_0211700",1
"70","PF3D7_0211800",2
"71","PF3D7_0212000",2
"72","PF3D7_0212300",1
"73","PF3D7_0212700",1
"74","PF3D7_0212900",1
"75","PF3D7_0213100",2
"76","PF3D7_0213400",1
"77","PF3D7_0213500",1
"78","PF3D7_0213600",1
"79","PF3D7_0213800",1
"80","PF3D7_0214400",1
"81","PF3D7_0214700",1
"82","PF3D7_0214900",1
"83","PF3D7_0215200",1
"84","PF3D7_0215600",1
"85","PF3D7_0215700",1
"86","PF3D7_0215800",1
"87","PF3D7_0216000",2
"88","PF3D7_0216500",3
"89","PF3D7_0216700",2
"90","PF3D7_0217100",3
"91","PF3D7_0217600",3
"92","PF3D7_0217700",1
"93","PF3D7_0217800",2
"94","PF3D7_0217900",2
"95","PF3D7_0218000",2
"96","PF3D7_0218300",1
"97","PF3D7_0218500",2
"98","PF3D7_0218600",2
"99","PF3D7_0219500",1
"100","PF3D7_0220000",1
"101","PF3D7_0220800",1
"102","PF3D7_0302100",1
"103","PF3D7_0302200",1
"104","PF3D7_0302600",1
"105","PF3D7_0302900",2
"106","PF3D7_0303100",1
"107","PF3D7_0303400",1
"108","PF3D7_0304100",1
"109","PF3D7_0304400",1
"110","PF3D7_0304500",1
"111","PF3D7_0304600",1
"112","PF3D7_0304700",1
"113","PF3D7_0304800",2
"114","PF3D7_0306200",1
"115","PF3D7_0306900",2
"116","PF3D7_0307300",1
"117","PF3D7_0307600",2
"118","PF3D7_0307900",1
"119","PF3D7_0308100",4
"120","PF3D7_0308700",2
"121","PF3D7_0308900",2
"122","PF3D7_0309200",5
"123","PF3D7_0309500",1
"124","PF3D7_0309600",4
"125","PF3D7_0309800",1
"126","PF3D7_0309900",3
"127","PF3D7_0310100",1
"128","PF3D7_0310300",1
"129","PF3D7_0310500",2
"130","PF3D7_0310900",1
"131","PF3D7_0311200",2
"132","PF3D7_0311400",2
"133","PF3D7_0311600",1
"134","PF3D7_0312100",1
"135","PF3D7_0312300",1
"136","PF3D7_0312900",1
"137","PF3D7_0313100",1
"138","PF3D7_0313400",2
"139","PF3D7_0313500",1
"140","PF3D7_0313600",3
"141","PF3D7_0313700",3
"142","PF3D7_0313900",1
"143","PF3D7_0314200",2
"144","PF3D7_0315200",1
"145","PF3D7_0315300",1
"146","PF3D7_0315400",2
"147","PF3D7_0315600",1
"148","PF3D7_0316400",1
"149","PF3D7_0316700",1
"150","PF3D7_0316800",2
"151","PF3D7_0316900",1
"152","PF3D7_0317400",1
"153","PF3D7_0317800",2
"154","PF3D7_0318000",1
"155","PF3D7_0318200",2
"156","PF3D7_0318900",2
"157","PF3D7_0319200",1
"158","PF3D7_0319400",2
"159","PF3D7_0319500",1
"160","PF3D7_0319900",1
"161","PF3D7_0320200",2
"162","PF3D7_0320400",1
"163","PF3D7_0320500",1
"164","PF3D7_0320700",4
"165","PF3D7_0320800",1
"166","PF3D7_0321400",1
"167","PF3D7_0321600",3
"168","PF3D7_0322000",2
"169","PF3D7_0322300",2
"170","PF3D7_0322400",1
"171","PF3D7_0322600",1
"172","PF3D7_0322700",2
"173","PF3D7_0322900",2
"174","PF3D7_0323000",2
"175","PF3D7_0323200",3
"176","PF3D7_0323800",2
"177","PF3D7_0402000",1
"178","PF3D7_0403200",2
"179","PF3D7_0403300",1
"180","PF3D7_0403400",2
"181","PF3D7_0403700",3
"182","PF3D7_0404000",1
"183","PF3D7_0404700",2
"184","PF3D7_0404800",1
"185","PF3D7_0405000",1
"186","PF3D7_0405100",1
"187","PF3D7_0405400",4
"188","PF3D7_0405600",1
"189","PF3D7_0405700",1
"190","PF3D7_0405900",1
"191","PF3D7_0406000",1
"192","PF3D7_0406100",3
"193","PF3D7_0406200",2
"194","PF3D7_0406500",4
"195","PF3D7_0406900",2
"196","PF3D7_0407100",2
"197","PF3D7_0407200",3
"198","PF3D7_0407600",1
"199","PF3D7_0408700",1
"200","PF3D7_0408800",1
"201","PF3D7_0408900",1
"202","PF3D7_0409500",1
"203","PF3D7_0409800",1
"204","PF3D7_0410000",2
"205","PF3D7_0410900",2
"206","PF3D7_0411000",2
"207","PF3D7_0411300",1
"208","PF3D7_0411800",2
"209","PF3D7_0412000",2
"210","PF3D7_0414000",3
"211","PF3D7_0415100",1
"212","PF3D7_0415400",3
"213","PF3D7_0415700",1
"214","PF3D7_0415900",2
"215","PF3D7_0416200",3
"216","PF3D7_0416300",3
"217","PF3D7_0416800",2
"218","PF3D7_0416900",3
"219","PF3D7_0417000",1
"220","PF3D7_0417100",1
"221","PF3D7_0417200",1
"222","PF3D7_0417600",1
"223","PF3D7_0417700",1
"224","PF3D7_0417800",1
"225","PF3D7_0417900",1
"226","PF3D7_0418700",1
"227","PF3D7_0418800",1
"228","PF3D7_0419000",1
"229","PF3D7_0419600",5
"230","PF3D7_0419700",1
"231","PF3D7_0419800",1
"232","PF3D7_0420100",1
"233","PF3D7_0420300",2
"234","PF3D7_0421700",2
"235","PF3D7_0421900",1
"236","PF3D7_0422100",1
"237","PF3D7_0422200",3
"238","PF3D7_0422400",1
"239","PF3D7_0422800",1
"240","PF3D7_0422900",1
"241","PF3D7_0423100",1
"242","PF3D7_0423200",1
"243","PF3D7_0423300",3
"244","PF3D7_0423400",1
"245","PF3D7_0423800",1
"246","PF3D7_0500800",1
"247","PF3D7_0501400",2
"248","PF3D7_0501500",1
"249","PF3D7_0501600",1
"250","PF3D7_0501800",2
"251","PF3D7_0502000",2
"252","PF3D7_0502200",2
"253","PF3D7_0502600",1
"254","PF3D7_0503200",3
"255","PF3D7_0503300",2
"256","PF3D7_0503800",2
"257","PF3D7_0504000",2
"258","PF3D7_0504400",1
"259","PF3D7_0504500",1
"260","PF3D7_0504600",2
"261","PF3D7_0505000",1
"262","PF3D7_0505100",5
"263","PF3D7_0505400",4
"264","PF3D7_0505700",2
"265","PF3D7_0506500",5
"266","PF3D7_0506700",2
"267","PF3D7_0506800",3
"268","PF3D7_0507000",1
"269","PF3D7_0507100",3
"270","PF3D7_0507300",1
"271","PF3D7_0507400",1
"272","PF3D7_0507600",1
"273","PF3D7_0508400",1
"274","PF3D7_0508500",2
"275","PF3D7_0508600",1
"276","PF3D7_0509200",1
"277","PF3D7_0509500",1
"278","PF3D7_0510000",1
"279","PF3D7_0510700",1
"280","PF3D7_0511000",2
"281","PF3D7_0512100",1
"282","PF3D7_0512400",1
"283","PF3D7_0512600",3
"284","PF3D7_0512800",1
"285","PF3D7_0513000",1
"286","PF3D7_0513100",2
"287","PF3D7_0513200",4
"288","PF3D7_0514000",1
"289","PF3D7_0514300",1
"290","PF3D7_0514500",1
"291","PF3D7_0514900",1
"292","PF3D7_0515000",1
"293","PF3D7_0515100",1
"294","PF3D7_0515200",1
"295","PF3D7_0515500",1
"296","PF3D7_0516100",1
"297","PF3D7_0516600",2
"298","PF3D7_0517000",1
"299","PF3D7_0517200",1
"300","PF3D7_0517400",4
"301","PF3D7_0517700",1
"302","PF3D7_0517800",1
"303","PF3D7_0518000",2
"304","PF3D7_0518500",2
"305","PF3D7_0518600",3
"306","PF3D7_0518700",2
"307","PF3D7_0518800",2
"308","PF3D7_0518900",1
"309","PF3D7_0519400",2
"310","PF3D7_0519500",2
"311","PF3D7_0519600",1
"312","PF3D7_0519700",2
"313","PF3D7_0520000",2
"314","PF3D7_0520100",1
"315","PF3D7_0520500",1
"316","PF3D7_0520800",2
"317","PF3D7_0520900",2
"318","PF3D7_0521000",2
"319","PF3D7_0521300",2
"320","PF3D7_0521500",1
"321","PF3D7_0521900",1
"322","PF3D7_0522100",1
"323","PF3D7_0522600",2
"324","PF3D7_0522900",1
"325","PF3D7_0523300",1
"326","PF3D7_0524000",2
"327","PF3D7_0524600",2
"328","PF3D7_0525100",1
"329","PF3D7_0526500",2
"330","PF3D7_0526600",3
"331","PF3D7_0526700",2
"332","PF3D7_0527400",1
"333","PF3D7_0527500",1
"334","PF3D7_0528000",1
"335","PF3D7_0528100",3
"336","PF3D7_0528200",1
"337","PF3D7_0528300",1
"338","PF3D7_0528900",1
"339","PF3D7_0529000",1
"340","PF3D7_0530000",1
"341","PF3D7_0530200",2
"342","PF3D7_0530500",1
"343","PF3D7_0530600",1
"344","PF3D7_0530700",1
"345","PF3D7_0530750",1
"346","PF3D7_0530800",1
"347","PF3D7_0531000",4
"348","PF3D7_0532100",1
"349","PF3D7_0532400",1
"350","PF3D7_0602000",1
"351","PF3D7_0602400",2
"352","PF3D7_0602600",1
"353","PF3D7_0603100",3
"354","PF3D7_0603400",2
"355","PF3D7_0603600",1
"356","PF3D7_0603700",1
"357","PF3D7_0604400",1
"358","PF3D7_0604700",1
"359","PF3D7_0604900",1
"360","PF3D7_0605000",1
"361","PF3D7_0605500",2
"362","PF3D7_0605600",2
"363","PF3D7_0605700",1
"364","PF3D7_0605800",2
"365","PF3D7_0606400",1
"366","PF3D7_0606600",4
"367","PF3D7_0607000",2
"368","PF3D7_0607200",1
"369","PF3D7_0607400",3
"370","PF3D7_0607500",1
"371","PF3D7_0607900",2
"372","PF3D7_0608000",1
"373","PF3D7_0608400",1
"374","PF3D7_0608500",2
"375","PF3D7_0609100",1
"376","PF3D7_0609300",3
"377","PF3D7_0609400",1
"378","PF3D7_0609600",1
"379","PF3D7_0609700",3
"380","PF3D7_0609800",1
"381","PF3D7_0609900",1
"382","PF3D7_0610200",4
"383","PF3D7_0610600",1
"384","PF3D7_0610900",1
"385","PF3D7_0611400",1
"386","PF3D7_0611700",2
"387","PF3D7_0612100",2
"388","PF3D7_0612500",1
"389","PF3D7_0613300",2
"390","PF3D7_0613500",1
"391","PF3D7_0613900",3
"392","PF3D7_0614200",3
"393","PF3D7_0614400",4
"394","PF3D7_0614900",5
"395","PF3D7_0615100",1
"396","PF3D7_0615200",1
"397","PF3D7_0615300",3
"398","PF3D7_0615400",5
"399","PF3D7_0615600",3
"400","PF3D7_0615800",2
"401","PF3D7_0616400",1
"402","PF3D7_0616500",2
"403","PF3D7_0616700",1
"404","PF3D7_0616800",1
"405","PF3D7_0616900",2
"406","PF3D7_0617100",1
"407","PF3D7_0617200",3
"408","PF3D7_0618000",1
"409","PF3D7_0618100",1
"410","PF3D7_0618200",1
"411","PF3D7_0618300",1
"412","PF3D7_0618500",1
"413","PF3D7_0618600",2
"414","PF3D7_0619300",3
"415","PF3D7_0619400",3
"416","PF3D7_0619500",1
"417","PF3D7_0619600",1
"418","PF3D7_0619700",1
"419","PF3D7_0619800",2
"420","PF3D7_0620000",1
"421","PF3D7_0620300",1
"422","PF3D7_0620400",1
"423","PF3D7_0621000",1
"424","PF3D7_0621100",1
"425","PF3D7_0621400",1
"426","PF3D7_0621900",2
"427","PF3D7_0622800",3
"428","PF3D7_0622900",3
"429","PF3D7_0623000",1
"430","PF3D7_0623100",3
"431","PF3D7_0623400",2
"432","PF3D7_0623500",1
"433","PF3D7_0623800",1
"434","PF3D7_0623900",2
"435","PF3D7_0624100",3
"436","PF3D7_0624200",5
"437","PF3D7_0624300",2
"438","PF3D7_0624700",2
"439","PF3D7_0624900",1
"440","PF3D7_0625100",1
"441","PF3D7_0625200",1
"442","PF3D7_0625300",2
"443","PF3D7_0625900",1
"444","PF3D7_0626000",1
"445","PF3D7_0626800",1
"446","PF3D7_0627300",5
"447","PF3D7_0627700",2
"448","PF3D7_0629800",2
"449","PF3D7_0630200",1
"450","PF3D7_0630400",1
"451","PF3D7_0630800",1
"452","PF3D7_0700800",1
"453","PF3D7_0702600",1
"454","PF3D7_0703000",2
"455","PF3D7_0703600",2
"456","PF3D7_0703900",1
"457","PF3D7_0704000",1
"458","PF3D7_0704600",5
"459","PF3D7_0705000",2
"460","PF3D7_0705300",4
"461","PF3D7_0706000",4
"462","PF3D7_0706400",2
"463","PF3D7_0707300",2
"464","PF3D7_0707800",3
"465","PF3D7_0708000",1
"466","PF3D7_0708500",2
"467","PF3D7_0708600",2
"468","PF3D7_0708800",2
"469","PF3D7_0709900",1
"470","PF3D7_0710000",5
"471","PF3D7_0710200",4
"472","PF3D7_0710500",1
"473","PF3D7_0710700",1
"474","PF3D7_0711000",1
"475","PF3D7_0711400",1
"476","PF3D7_0711500",2
"477","PF3D7_0713800",1
"478","PF3D7_0714500",2
"479","PF3D7_0714600",2
"480","PF3D7_0715800",1
"481","PF3D7_0715900",2
"482","PF3D7_0716100",1
"483","PF3D7_0716200",1
"484","PF3D7_0716400",1
"485","PF3D7_0716700",1
"486","PF3D7_0716800",1
"487","PF3D7_0716900",1
"488","PF3D7_0717000",1
"489","PF3D7_0717100",1
"490","PF3D7_0717300",5
"491","PF3D7_0717600",5
"492","PF3D7_0717800",2
"493","PF3D7_0718000",1
"494","PF3D7_0718600",1
"495","PF3D7_0719100",1
"496","PF3D7_0719300",1
"497","PF3D7_0719400",4
"498","PF3D7_0719500",4
"499","PF3D7_0719600",1
"500","PF3D7_0720600",1
"501","PF3D7_0720900",1
"502","PF3D7_0721100",2
"503","PF3D7_0721200",1
"504","PF3D7_0721500",1
"505","PF3D7_0721600",2
"506","PF3D7_0721700",1
"507","PF3D7_0721900",1
"508","PF3D7_0722000",2
"509","PF3D7_0722200",1
"510","PF3D7_0722300",1
"511","PF3D7_0722400",1
"512","PF3D7_0722500",1
"513","PF3D7_0722800",1
"514","PF3D7_0722900",1
"515","PF3D7_0723900",2
"516","PF3D7_0724800",2
"517","PF3D7_0724900",2
"518","PF3D7_0725100",3
"519","PF3D7_0725400",3
"520","PF3D7_0726200",1
"521","PF3D7_0726300",1
"522","PF3D7_0726800",1
"523","PF3D7_0727000",2
"524","PF3D7_0727100",2
"525","PF3D7_0727500",2
"526","PF3D7_0727700",1
"527","PF3D7_0727800",2
"528","PF3D7_0728000",1
"529","PF3D7_0728400",2
"530","PF3D7_0728500",1
"531","PF3D7_0728800",1
"532","PF3D7_0729700",2
"533","PF3D7_0729900",1
"534","PF3D7_0731300",1
"535","PF3D7_0731600",2
"536","PF3D7_0731800",1
"537","PF3D7_0800600",1
"538","PF3D7_0801300",1
"539","PF3D7_0801700",2
"540","PF3D7_0801800",2
"541","PF3D7_0802400",2
"542","PF3D7_0802500",2
"543","PF3D7_0802700",1
"544","PF3D7_0803100",3
"545","PF3D7_0803400",5
"546","PF3D7_0804000",3
"547","PF3D7_0804400",2
"548","PF3D7_0804900",5
"549","PF3D7_0805200",1
"550","PF3D7_0805300",1
"551","PF3D7_0805400",1
"552","PF3D7_0806100",1
"553","PF3D7_0806500",2
"554","PF3D7_0806600",2
"555","PF3D7_0807100",3
"556","PF3D7_0807300",3
"557","PF3D7_0807400",1
"558","PF3D7_0807900",3
"559","PF3D7_0808100",2
"560","PF3D7_0809200",2
"561","PF3D7_0809400",3
"562","PF3D7_0809600",2
"563","PF3D7_0809700",1
"564","PF3D7_0809800",1
"565","PF3D7_0809900",2
"566","PF3D7_0810200",1
"567","PF3D7_0810900",1
"568","PF3D7_0811000",1
"569","PF3D7_0811200",1
"570","PF3D7_0811400",2
"571","PF3D7_0811700",1
"572","PF3D7_0812100",3
"573","PF3D7_0812400",2
"574","PF3D7_0812500",2
"575","PF3D7_0813100",2
"576","PF3D7_0813400",2
"577","PF3D7_0813500",3
"578","PF3D7_0813800",1
"579","PF3D7_0813900",1
"580","PF3D7_0814200",2
"581","PF3D7_0814700",1
"582","PF3D7_0815100",1
"583","PF3D7_0815200",1
"584","PF3D7_0815500",2
"585","PF3D7_0815600",2
"586","PF3D7_0816100",1
"587","PF3D7_0816500",1
"588","PF3D7_0816600",1
"589","PF3D7_0816800",1
"590","PF3D7_0817100",1
"591","PF3D7_0817200",2
"592","PF3D7_0817300",3
"593","PF3D7_0817400",1
"594","PF3D7_0817700",2
"595","PF3D7_0817800",1
"596","PF3D7_0818200",1
"597","PF3D7_0818700",2
"598","PF3D7_0818800",1
"599","PF3D7_0819000",1
"600","PF3D7_0819200",1
"601","PF3D7_0819400",1
"602","PF3D7_0819800",1
"603","PF3D7_0819900",2
"604","PF3D7_0820000",1
"605","PF3D7_0820700",2
"606","PF3D7_0821100",1
"607","PF3D7_0821300",1
"608","PF3D7_0821600",1
"609","PF3D7_0821700",1
"610","PF3D7_0822200",1
"611","PF3D7_0822400",1
"612","PF3D7_0822600",1
"613","PF3D7_0823200",2
"614","PF3D7_0823300",3
"615","PF3D7_0823500",1
"616","PF3D7_0823800",2
"617","PF3D7_0824000",1
"618","PF3D7_0824100",1
"619","PF3D7_0824300",1
"620","PF3D7_0824400",1
"621","PF3D7_0824500",1
"622","PF3D7_0824800",3
"623","PF3D7_0824900",2
"624","PF3D7_0825700",1
"625","PF3D7_0825800",1
"626","PF3D7_0825900",1
"627","PF3D7_0826200",2
"628","PF3D7_0826300",2
"629","PF3D7_0826500",3
"630","PF3D7_0826700",2
"631","PF3D7_0826900",3
"632","PF3D7_0827100",1
"633","PF3D7_0827200",1
"634","PF3D7_0827300",2
"635","PF3D7_0827400",1
"636","PF3D7_0828200",3
"637","PF3D7_0828300",2
"638","PF3D7_0828800",1
"639","PF3D7_0829300",2
"640","PF3D7_0829500",1
"641","PF3D7_0830400",1
"642","PF3D7_0831200",2
"643","PF3D7_0831300",1
"644","PF3D7_0901700",1
"645","PF3D7_0902800",2
"646","PF3D7_0903200",2
"647","PF3D7_0903400",3
"648","PF3D7_0903500",1
"649","PF3D7_0903600",1
"650","PF3D7_0903800",1
"651","PF3D7_0903900",1
"652","PF3D7_0904000",2
"653","PF3D7_0904200",1
"654","PF3D7_0904300",1
"655","PF3D7_0904400",1
"656","PF3D7_0904800",1
"657","PF3D7_0905100",2
"658","PF3D7_0905500",1
"659","PF3D7_0905800",1
"660","PF3D7_0906400",1
"661","PF3D7_0907100",3
"662","PF3D7_0907600",1
"663","PF3D7_0907900",3
"664","PF3D7_0908000",1
"665","PF3D7_0908100",1
"666","PF3D7_0908500",1
"667","PF3D7_0909000",1
"668","PF3D7_0909400",3
"669","PF3D7_0910100",2
"670","PF3D7_0910400",1
"671","PF3D7_0911100",2
"672","PF3D7_0911700",1
"673","PF3D7_0911800",1
"674","PF3D7_0911900",1
"675","PF3D7_0912000",2
"676","PF3D7_0912400",1
"677","PF3D7_0912600",1
"678","PF3D7_0912700",1
"679","PF3D7_0912900",3
"680","PF3D7_0913500",1
"681","PF3D7_0913800",2
"682","PF3D7_0913900",1
"683","PF3D7_0914600",1
"684","PF3D7_0914700",1
"685","PF3D7_0914900",1
"686","PF3D7_0915100",2
"687","PF3D7_0915200",1
"688","PF3D7_0915400",1
"689","PF3D7_0915700",1
"690","PF3D7_0916200",3
"691","PF3D7_0916700",1
"692","PF3D7_0916900",3
"693","PF3D7_0917300",1
"694","PF3D7_0917400",1
"695","PF3D7_0918600",1
"696","PF3D7_0919000",1
"697","PF3D7_0919300",1
"698","PF3D7_0919400",2
"699","PF3D7_0919600",2
"700","PF3D7_0920000",1
"701","PF3D7_0920200",2
"702","PF3D7_0920300",1
"703","PF3D7_0920400",2
"704","PF3D7_0920600",2
"705","PF3D7_0920700",1
"706","PF3D7_0921600",1
"707","PF3D7_0921700",2
"708","PF3D7_0922100",2
"709","PF3D7_0922200",2
"710","PF3D7_0922300",1
"711","PF3D7_0922500",1
"712","PF3D7_0922900",1
"713","PF3D7_0923400",1
"714","PF3D7_0923600",1
"715","PF3D7_0923800",2
"716","PF3D7_0923900",2
"717","PF3D7_0924600",5
"718","PF3D7_0924700",1
"719","PF3D7_0924800",1
"720","PF3D7_0925000",1
"721","PF3D7_0925200",3
"722","PF3D7_0925300",1
"723","PF3D7_0925800",4
"724","PF3D7_0926300",1
"725","PF3D7_0926400",4
"726","PF3D7_0926600",1
"727","PF3D7_0926800",4
"728","PF3D7_0927200",2
"729","PF3D7_0927400",1
"730","PF3D7_0927500",1
"731","PF3D7_0927900",1
"732","PF3D7_0928100",1
"733","PF3D7_0928500",1
"734","PF3D7_0929100",1
"735","PF3D7_0929300",1
"736","PF3D7_0929500",2
"737","PF3D7_0929600",1
"738","PF3D7_0929900",1
"739","PF3D7_0930000",1
"740","PF3D7_0930200",2
"741","PF3D7_0930600",2
"742","PF3D7_0931000",1
"743","PF3D7_0931500",3
"744","PF3D7_0932000",1
"745","PF3D7_0932800",3
"746","PF3D7_0933000",1
"747","PF3D7_0933100",1
"748","PF3D7_0933200",1
"749","PF3D7_0933300",2
"750","PF3D7_0933500",4
"751","PF3D7_0933600",1
"752","PF3D7_0934400",4
"753","PF3D7_0934500",1
"754","PF3D7_0935200",2
"755","PF3D7_0935400",2
"756","PF3D7_0935500",1
"757","PF3D7_0935700",1
"758","PF3D7_1001200",1
"759","PF3D7_1002200",2
"760","PF3D7_1002400",2
"761","PF3D7_1002700",2
"762","PF3D7_1002800",1
"763","PF3D7_1003000",2
"764","PF3D7_1003400",3
"765","PF3D7_1003500",1
"766","PF3D7_1003600",2
"767","PF3D7_1003700",1
"768","PF3D7_1003800",2
"769","PF3D7_1004400",1
"770","PF3D7_1004500",1
"771","PF3D7_1004600",3
"772","PF3D7_1004900",1
"773","PF3D7_1005100",2
"774","PF3D7_1005500",3
"775","PF3D7_1005600",1
"776","PF3D7_1005900",4
"777","PF3D7_1006000",1
"778","PF3D7_1006300",1
"779","PF3D7_1006500",1
"780","PF3D7_1006600",1
"781","PF3D7_1007000",1
"782","PF3D7_1007100",1
"783","PF3D7_1007200",2
"784","PF3D7_1007300",1
"785","PF3D7_1008800",1
"786","PF3D7_1009300",1
"787","PF3D7_1009500",1
"788","PF3D7_1009700",1
"789","PF3D7_1009800",1
"790","PF3D7_1010100",4
"791","PF3D7_1010400",1
"792","PF3D7_1010500",1
"793","PF3D7_1010600",1
"794","PF3D7_1010700",1
"795","PF3D7_1010900",1
"796","PF3D7_1011500",1
"797","PF3D7_1011900",1
"798","PF3D7_1012100",1
"799","PF3D7_1012200",1
"800","PF3D7_1012400",2
"801","PF3D7_1012900",1
"802","PF3D7_1013100",1
"803","PF3D7_1013300",1
"804","PF3D7_1013400",1
"805","PF3D7_1013700",1
"806","PF3D7_1013800",1
"807","PF3D7_1013900",1
"808","PF3D7_1015100",1
"809","PF3D7_1015800",1
"810","PF3D7_1015900",1
"811","PF3D7_1016300",1
"812","PF3D7_1017100",1
"813","PF3D7_1017400",1
"814","PF3D7_1017900",3
"815","PF3D7_1018000",2
"816","PF3D7_1018100",2
"817","PF3D7_1018300",1
"818","PF3D7_1018400",1
"819","PF3D7_1018600",2
"820","PF3D7_1020000",1
"821","PF3D7_1020200",1
"822","PF3D7_1020600",1
"823","PF3D7_1020700",1
"824","PF3D7_1020800",1
"825","PF3D7_1021000",3
"826","PF3D7_1021200",3
"827","PF3D7_1021500",1
"828","PF3D7_1022000",2
"829","PF3D7_1022600",1
"830","PF3D7_1022800",1
"831","PF3D7_1023000",1
"832","PF3D7_1023100",1
"833","PF3D7_1023300",1
"834","PF3D7_1023500",1
"835","PF3D7_1023600",1
"836","PF3D7_1023800",1
"837","PF3D7_1024000",1
"838","PF3D7_1024100",1
"839","PF3D7_1024400",1
"840","PF3D7_1024700",1
"841","PF3D7_1025100",1
"842","PF3D7_1025300",2
"843","PF3D7_1025400",2
"844","PF3D7_1025500",2
"845","PF3D7_1025800",1
"846","PF3D7_1025900",5
"847","PF3D7_1026000",1
"848","PF3D7_1026100",1
"849","PF3D7_1026300",2
"850","PF3D7_1026600",2
"851","PF3D7_1027000",1
"852","PF3D7_1027600",1
"853","PF3D7_1028500",4
"854","PF3D7_1028600",4
"855","PF3D7_1028700",2
"856","PF3D7_1029600",1
"857","PF3D7_1030100",1
"858","PF3D7_1030200",1
"859","PF3D7_1030500",2
"860","PF3D7_1030800",1
"861","PF3D7_1031000",2
"862","PF3D7_1031200",1
"863","PF3D7_1031300",1
"864","PF3D7_1031400",1
"865","PF3D7_1031500",2
"866","PF3D7_1031600",2
"867","PF3D7_1032000",1
"868","PF3D7_1032100",2
"869","PF3D7_1032300",2
"870","PF3D7_1032400",2
"871","PF3D7_1032500",1
"872","PF3D7_1032700",1
"873","PF3D7_1033600",1
"874","PF3D7_1033700",4
"875","PF3D7_1034300",2
"876","PF3D7_1034500",2
"877","PF3D7_1034900",2
"878","PF3D7_1035000",1
"879","PF3D7_1035300",1
"880","PF3D7_1035600",2
"881","PF3D7_1035900",2
"882","PF3D7_1037000",2
"883","PF3D7_1038400",1
"884","PF3D7_1103100",2
"885","PF3D7_1103400",1
"886","PF3D7_1103500",1
"887","PF3D7_1104000",1
"888","PF3D7_1104100",2
"889","PF3D7_1104400",2
"890","PF3D7_1105500",1
"891","PF3D7_1106200",1
"892","PF3D7_1106300",2
"893","PF3D7_1106500",2
"894","PF3D7_1106600",1
"895","PF3D7_1106700",2
"896","PF3D7_1106800",1
"897","PF3D7_1106900",1
"898","PF3D7_1107200",1
"899","PF3D7_1107900",1
"900","PF3D7_1108000",3
"901","PF3D7_1108100",2
"902","PF3D7_1108300",1
"903","PF3D7_1108400",1
"904","PF3D7_1108700",2
"905","PF3D7_1109100",1
"906","PF3D7_1109400",1
"907","PF3D7_1109900",2
"908","PF3D7_1110400",2
"909","PF3D7_1110600",1
"910","PF3D7_1110800",1
"911","PF3D7_1111100",1
"912","PF3D7_1111200",2
"913","PF3D7_1111600",2
"914","PF3D7_1112000",1
"915","PF3D7_1112200",3
"916","PF3D7_1112300",2
"917","PF3D7_1112700",1
"918","PF3D7_1113000",1
"919","PF3D7_1113100",3
"920","PF3D7_1113300",2
"921","PF3D7_1113400",1
"922","PF3D7_1113900",1
"923","PF3D7_1114100",2
"924","PF3D7_1114500",1
"925","PF3D7_1114700",3
"926","PF3D7_1116700",1
"927","PF3D7_1116800",1
"928","PF3D7_1116900",3
"929","PF3D7_1117100",4
"930","PF3D7_1117200",1
"931","PF3D7_1117400",1
"932","PF3D7_1117800",2
"933","PF3D7_1118200",1
"934","PF3D7_1118500",1
"935","PF3D7_1118600",1
"936","PF3D7_1118800",1
"937","PF3D7_1119000",1
"938","PF3D7_1119100",1
"939","PF3D7_1119200",1
"940","PF3D7_1119300",5
"941","PF3D7_1119400",3
"942","PF3D7_1120000",1
"943","PF3D7_1120100",1
"944","PF3D7_1120300",1
"945","PF3D7_1120600",3
"946","PF3D7_1120700",1
"947","PF3D7_1121000",3
"948","PF3D7_1121400",1
"949","PF3D7_1121500",1
"950","PF3D7_1121600",1
"951","PF3D7_1121800",1
"952","PF3D7_1122100",1
"953","PF3D7_1122200",1
"954","PF3D7_1122300",1
"955","PF3D7_1122400",1
"956","PF3D7_1122600",1
"957","PF3D7_1122800",1
"958","PF3D7_1123200",1
"959","PF3D7_1123400",3
"960","PF3D7_1123500",2
"961","PF3D7_1124300",3
"962","PF3D7_1124600",2
"963","PF3D7_1124700",1
"964","PF3D7_1124900",2
"965","PF3D7_1125300",2
"966","PF3D7_1125400",1
"967","PF3D7_1125800",1
"968","PF3D7_1126000",2
"969","PF3D7_1126200",1
"970","PF3D7_1126300",5
"971","PF3D7_1126700",1
"972","PF3D7_1126800",1
"973","PF3D7_1127500",1
"974","PF3D7_1127600",1
"975","PF3D7_1128100",1
"976","PF3D7_1128300",1
"977","PF3D7_1128900",2
"978","PF3D7_1129500",3
"979","PF3D7_1129600",2
"980","PF3D7_1130100",2
"981","PF3D7_1130200",2
"982","PF3D7_1130700",3
"983","PF3D7_1131200",3
"984","PF3D7_1131400",1
"985","PF3D7_1131500",1
"986","PF3D7_1131700",1
"987","PF3D7_1131900",1
"988","PF3D7_1132200",2
"989","PF3D7_1132600",1
"990","PF3D7_1133000",1
"991","PF3D7_1133300",2
"992","PF3D7_1133700",1
"993","PF3D7_1134100",2
"994","PF3D7_1134500",3
"995","PF3D7_1134600",1
"996","PF3D7_1135100",1
"997","PF3D7_1135900",3
"998","PF3D7_1136800",1
"999","PF3D7_1137200",2
"1000","PF3D7_1137500",2
"1001","PF3D7_1137700",1
"1002","PF3D7_1137800",1
"1003","PF3D7_1138800",3
"1004","PF3D7_1139100",1
"1005","PF3D7_1139300",1
"1006","PF3D7_1139900",1
"1007","PF3D7_1140000",1
"1008","PF3D7_1140200",3
"1009","PF3D7_1140400",1
"1010","PF3D7_1140500",1
"1011","PF3D7_1140800",1
"1012","PF3D7_1141100",1
"1013","PF3D7_1141600",2
"1014","PF3D7_1142400",3
"1015","PF3D7_1142500",1
"1016","PF3D7_1142600",1
"1017","PF3D7_1142900",2
"1018","PF3D7_1143100",2
"1019","PF3D7_1143300",1
"1020","PF3D7_1143400",3
"1021","PF3D7_1143500",4
"1022","PF3D7_1143600",1
"1023","PF3D7_1143900",1
"1024","PF3D7_1144300",2
"1025","PF3D7_1144400",2
"1026","PF3D7_1144700",1
"1027","PF3D7_1144800",2
"1028","PF3D7_1144900",1
"1029","PF3D7_1145000",1
"1030","PF3D7_1145300",2
"1031","PF3D7_1145600",1
"1032","PF3D7_1146100",1
"1033","PF3D7_1146200",1
"1034","PF3D7_1146800",1
"1035","PF3D7_1147000",2
"1036","PF3D7_1147200",1
"1037","PF3D7_1148000",2
"1038","PF3D7_1149000",1
"1039","PF3D7_1149100",1
"1040","PF3D7_1201600",2
"1041","PF3D7_1201800",1
"1042","PF3D7_1202100",1
"1043","PF3D7_1202200",1
"1044","PF3D7_1202300",2
"1045","PF3D7_1203700",3
"1046","PF3D7_1204200",1
"1047","PF3D7_1204300",3
"1048","PF3D7_1204400",1
"1049","PF3D7_1205100",1
"1050","PF3D7_1205600",1
"1051","PF3D7_1206700",2
"1052","PF3D7_1207100",2
"1053","PF3D7_1207200",2
"1054","PF3D7_1207700",1
"1055","PF3D7_1207800",1
"1056","PF3D7_1208700",2
"1057","PF3D7_1209000",1
"1058","PF3D7_1209900",2
"1059","PF3D7_1210000",1
"1060","PF3D7_1210200",1
"1061","PF3D7_1210900",1
"1062","PF3D7_1211100",1
"1063","PF3D7_1211200",3
"1064","PF3D7_1211300",2
"1065","PF3D7_1211400",2
"1066","PF3D7_1212100",2
"1067","PF3D7_1212600",1
"1068","PF3D7_1212900",2
"1069","PF3D7_1213700",1
"1070","PF3D7_1213800",1
"1071","PF3D7_1214100",2
"1072","PF3D7_1214300",2
"1073","PF3D7_1214500",1
"1074","PF3D7_1214800",1
"1075","PF3D7_1215100",1
"1076","PF3D7_1216500",1
"1077","PF3D7_1216600",3
"1078","PF3D7_1217200",2
"1079","PF3D7_1217300",1
"1080","PF3D7_1217400",1
"1081","PF3D7_1217500",1
"1082","PF3D7_1218000",1
"1083","PF3D7_1218300",1
"1084","PF3D7_1218800",1
"1085","PF3D7_1218900",1
"1086","PF3D7_1219900",2
"1087","PF3D7_1220000",1
"1088","PF3D7_1221100",1
"1089","PF3D7_1221400",1
"1090","PF3D7_1221800",2
"1091","PF3D7_1222400",2
"1092","PF3D7_1222500",1
"1093","PF3D7_1222900",1
"1094","PF3D7_1223600",2
"1095","PF3D7_1224000",1
"1096","PF3D7_1224900",2
"1097","PF3D7_1225600",1
"1098","PF3D7_1225700",1
"1099","PF3D7_1225800",2
"1100","PF3D7_1226300",1
"1101","PF3D7_1227200",3
"1102","PF3D7_1227300",3
"1103","PF3D7_1227700",4
"1104","PF3D7_1227800",1
"1105","PF3D7_1228100",1
"1106","PF3D7_1228400",1
"1107","PF3D7_1228900",1
"1108","PF3D7_1229000",2
"1109","PF3D7_1229100",2
"1110","PF3D7_1229800",2
"1111","PF3D7_1230000",4
"1112","PF3D7_1230100",1
"1113","PF3D7_1230600",2
"1114","PF3D7_1230700",3
"1115","PF3D7_1230800",1
"1116","PF3D7_1231000",4
"1117","PF3D7_1231200",1
"1118","PF3D7_1231400",1
"1119","PF3D7_1231600",2
"1120","PF3D7_1231800",2
"1121","PF3D7_1232100",3
"1122","PF3D7_1232200",1
"1123","PF3D7_1232400",5
"1124","PF3D7_1232900",1
"1125","PF3D7_1233100",4
"1126","PF3D7_1233300",1
"1127","PF3D7_1233900",3
"1128","PF3D7_1234300",3
"1129","PF3D7_1234600",2
"1130","PF3D7_1234700",1
"1131","PF3D7_1235200",2
"1132","PF3D7_1235500",3
"1133","PF3D7_1235600",1
"1134","PF3D7_1235800",1
"1135","PF3D7_1236600",1
"1136","PF3D7_1236700",1
"1137","PF3D7_1236900",1
"1138","PF3D7_1237000",1
"1139","PF3D7_1237600",1
"1140","PF3D7_1238300",1
"1141","PF3D7_1239000",1
"1142","PF3D7_1239400",1
"1143","PF3D7_1239500",1
"1144","PF3D7_1239700",2
"1145","PF3D7_1239800",4
"1146","PF3D7_1241200",2
"1147","PF3D7_1241800",1
"1148","PF3D7_1242200",1
"1149","PF3D7_1242400",1
"1150","PF3D7_1242500",2
"1151","PF3D7_1242700",2
"1152","PF3D7_1243300",1
"1153","PF3D7_1244400",2
"1154","PF3D7_1244500",1
"1155","PF3D7_1245000",2
"1156","PF3D7_1245100",3
"1157","PF3D7_1245400",1
"1158","PF3D7_1245800",1
"1159","PF3D7_1246000",1
"1160","PF3D7_1246300",1
"1161","PF3D7_1246600",1
"1162","PF3D7_1246900",2
"1163","PF3D7_1247800",1
"1164","PF3D7_1247900",1
"1165","PF3D7_1248100",4
"1166","PF3D7_1248400",2
"1167","PF3D7_1248500",3
"1168","PF3D7_1248600",2
"1169","PF3D7_1249300",2
"1170","PF3D7_1249400",1
"1171","PF3D7_1249600",1
"1172","PF3D7_1250100",1
"1173","PF3D7_1250300",1
"1174","PF3D7_1250500",1
"1175","PF3D7_1250700",1
"1176","PF3D7_1250900",2
"1177","PF3D7_1251000",1
"1178","PF3D7_1252100",2
"1179","PF3D7_1252200",1
"1180","PF3D7_1252300",1
"1181","PF3D7_1252700",1
"1182","PF3D7_1252800",2
"1183","PF3D7_1302100",1
"1184","PF3D7_1302400",1
"1185","PF3D7_1302600",1
"1186","PF3D7_1303000",1
"1187","PF3D7_1303400",3
"1188","PF3D7_1303700",2
"1189","PF3D7_1303800",5
"1190","PF3D7_1303900",1
"1191","PF3D7_1304100",3
"1192","PF3D7_1304400",3
"1193","PF3D7_1304500",1
"1194","PF3D7_1305000",3
"1195","PF3D7_1305100",3
"1196","PF3D7_1305200",1
"1197","PF3D7_1305300",1
"1198","PF3D7_1306200",1
"1199","PF3D7_1306600",1
"1200","PF3D7_1307200",2
"1201","PF3D7_1307300",1
"1202","PF3D7_1307600",2
"1203","PF3D7_1308000",2
"1204","PF3D7_1308200",1
"1205","PF3D7_1308300",1
"1206","PF3D7_1309300",3
"1207","PF3D7_1309500",1
"1208","PF3D7_1309700",4
"1209","PF3D7_1309800",1
"1210","PF3D7_1310000",1
"1211","PF3D7_1310100",1
"1212","PF3D7_1310200",2
"1213","PF3D7_1310400",1
"1214","PF3D7_1310500",1
"1215","PF3D7_1310600",2
"1216","PF3D7_1310700",2
"1217","PF3D7_1311200",1
"1218","PF3D7_1311700",1
"1219","PF3D7_1311800",1
"1220","PF3D7_1312450",1
"1221","PF3D7_1312700",1
"1222","PF3D7_1313400",1
"1223","PF3D7_1313500",1
"1224","PF3D7_1313800",2
"1225","PF3D7_1314700",2
"1226","PF3D7_1315800",1
"1227","PF3D7_1315900",2
"1228","PF3D7_1316000",1
"1229","PF3D7_1316300",2
"1230","PF3D7_1316400",1
"1231","PF3D7_1316700",1
"1232","PF3D7_1316800",1
"1233","PF3D7_1316900",3
"1234","PF3D7_1317000",1
"1235","PF3D7_1317100",3
"1236","PF3D7_1317300",2
"1237","PF3D7_1317600",1
"1238","PF3D7_1317800",2
"1239","PF3D7_1318000",1
"1240","PF3D7_1318300",3
"1241","PF3D7_1318500",1
"1242","PF3D7_1318800",2
"1243","PF3D7_1318900",1
"1244","PF3D7_1319000",1
"1245","PF3D7_1319200",1
"1246","PF3D7_1319600",1
"1247","PF3D7_1320100",1
"1248","PF3D7_1320200",3
"1249","PF3D7_1320800",1
"1250","PF3D7_1321100",1
"1251","PF3D7_1321200",1
"1252","PF3D7_1321300",1
"1253","PF3D7_1321400",2
"1254","PF3D7_1321700",2
"1255","PF3D7_1322000",2
"1256","PF3D7_1322100",1
"1257","PF3D7_1322300",3
"1258","PF3D7_1322400",1
"1259","PF3D7_1322600",1
"1260","PF3D7_1322700",1
"1261","PF3D7_1322900",1
"1262","PF3D7_1323000",1
"1263","PF3D7_1323200",2
"1264","PF3D7_1323300",1
"1265","PF3D7_1323400",2
"1266","PF3D7_1323500",2
"1267","PF3D7_1323600",1
"1268","PF3D7_1323700",2
"1269","PF3D7_1323800",1
"1270","PF3D7_1324100",2
"1271","PF3D7_1324200",4
"1272","PF3D7_1324300",4
"1273","PF3D7_1324500",1
"1274","PF3D7_1324600",1
"1275","PF3D7_1324800",3
"1276","PF3D7_1325100",2
"1277","PF3D7_1326300",1
"1278","PF3D7_1327000",1
"1279","PF3D7_1327100",1
"1280","PF3D7_1327300",3
"1281","PF3D7_1327500",1
"1282","PF3D7_1328200",4
"1283","PF3D7_1328500",2
"1284","PF3D7_1328600",1
"1285","PF3D7_1329200",2
"1286","PF3D7_1329500",1
"1287","PF3D7_1330200",2
"1288","PF3D7_1330300",3
"1289","PF3D7_1330400",4
"1290","PF3D7_1330500",4
"1291","PF3D7_1330600",2
"1292","PF3D7_1330700",3
"1293","PF3D7_1330800",3
"1294","PF3D7_1331000",1
"1295","PF3D7_1331100",1
"1296","PF3D7_1331400",2
"1297","PF3D7_1332400",1
"1298","PF3D7_1332500",1
"1299","PF3D7_1332600",3
"1300","PF3D7_1332900",1
"1301","PF3D7_1333200",2
"1302","PF3D7_1333500",1
"1303","PF3D7_1333900",2
"1304","PF3D7_1334000",3
"1305","PF3D7_1334100",1
"1306","PF3D7_1335900",1
"1307","PF3D7_1336200",2
"1308","PF3D7_1336700",1
"1309","PF3D7_1337200",1
"1310","PF3D7_1337300",1
"1311","PF3D7_1337400",2
"1312","PF3D7_1337500",4
"1313","PF3D7_1337700",1
"1314","PF3D7_1338100",3
"1315","PF3D7_1338200",1
"1316","PF3D7_1338400",1
"1317","PF3D7_1338500",1
"1318","PF3D7_1338600",2
"1319","PF3D7_1338700",4
"1320","PF3D7_1338800",1
"1321","PF3D7_1338900",3
"1322","PF3D7_1339300",1
"1323","PF3D7_1339600",2
"1324","PF3D7_1340000",1
"1325","PF3D7_1340500",1
"1326","PF3D7_1340600",1
"1327","PF3D7_1341200",1
"1328","PF3D7_1341300",2
"1329","PF3D7_1341700",1
"1330","PF3D7_1342000",2
"1331","PF3D7_1342100",1
"1332","PF3D7_1342400",2
"1333","PF3D7_1342500",1
"1334","PF3D7_1342600",1
"1335","PF3D7_1343000",3
"1336","PF3D7_1343300",3
"1337","PF3D7_1343600",1
"1338","PF3D7_1343700",1
"1339","PF3D7_1344400",1
"1340","PF3D7_1344500",4
"1341","PF3D7_1345200",2
"1342","PF3D7_1346300",2
"1343","PF3D7_1347100",1
"1344","PF3D7_1347200",1
"1345","PF3D7_1347600",1
"1346","PF3D7_1348100",1
"1347","PF3D7_1348200",2
"1348","PF3D7_1348400",3
"1349","PF3D7_1348700",1
"1350","PF3D7_1348900",1
"1351","PF3D7_1349000",1
"1352","PF3D7_1349100",1
"1353","PF3D7_1349200",2
"1354","PF3D7_1350000",1
"1355","PF3D7_1350100",1
"1356","PF3D7_1350400",1
"1357","PF3D7_1350800",1
"1358","PF3D7_1351200",2
"1359","PF3D7_1351400",1
"1360","PF3D7_1351600",1
"1361","PF3D7_1351700",1
"1362","PF3D7_1351900",2
"1363","PF3D7_1352700",2
"1364","PF3D7_1353400",1
"1365","PF3D7_1353900",2
"1366","PF3D7_1354000",1
"1367","PF3D7_1354200",1
"1368","PF3D7_1354400",1
"1369","PF3D7_1354700",1
"1370","PF3D7_1354900",1
"1371","PF3D7_1355100",2
"1372","PF3D7_1356000",1
"1373","PF3D7_1356300",1
"1374","PF3D7_1356800",2
"1375","PF3D7_1357000",2
"1376","PF3D7_1357100",1
"1377","PF3D7_1357500",3
"1378","PF3D7_1357600",2
"1379","PF3D7_1357800",1
"1380","PF3D7_1358200",2
"1381","PF3D7_1358300",2
"1382","PF3D7_1358600",1
"1383","PF3D7_1359300",2
"1384","PF3D7_1359400",2
"1385","PF3D7_1359800",1
"1386","PF3D7_1360500",1
"1387","PF3D7_1360700",2
"1388","PF3D7_1360800",2
"1389","PF3D7_1360900",1
"1390","PF3D7_1361200",3
"1391","PF3D7_1361300",1
"1392","PF3D7_1361900",2
"1393","PF3D7_1362100",1
"1394","PF3D7_1362700",1
"1395","PF3D7_1362800",2
"1396","PF3D7_1362900",1
"1397","PF3D7_1363100",2
"1398","PF3D7_1364200",1
"1399","PF3D7_1364300",4
"1400","PF3D7_1364400",3
"1401","PF3D7_1364600",2
"1402","PF3D7_1365500",1
"1403","PF3D7_1365900",3
"1404","PF3D7_1366400",2
"1405","PF3D7_1367700",1
"1406","PF3D7_1367800",1
"1407","PF3D7_1368300",1
"1408","PF3D7_1368700",2
"1409","PF3D7_1369300",1
"1410","PF3D7_1369400",1
"1411","PF3D7_1401200",1
"1412","PF3D7_1401600",1
"1413","PF3D7_1401900",1
"1414","PF3D7_1402300",2
"1415","PF3D7_1402500",2
"1416","PF3D7_1403100",5
"1417","PF3D7_1403200",1
"1418","PF3D7_1403300",1
"1419","PF3D7_1403400",3
"1420","PF3D7_1403800",2
"1421","PF3D7_1404000",1
"1422","PF3D7_1404300",1
"1423","PF3D7_1405000",1
"1424","PF3D7_1405100",1
"1425","PF3D7_1405300",4
"1426","PF3D7_1405700",1
"1427","PF3D7_1405900",1
"1428","PF3D7_1406100",1
"1429","PF3D7_1406500",1
"1430","PF3D7_1406800",1
"1431","PF3D7_1407700",1
"1432","PF3D7_1408000",1
"1433","PF3D7_1408100",1
"1434","PF3D7_1408600",2
"1435","PF3D7_1409100",3
"1436","PF3D7_1409200",1
"1437","PF3D7_1409400",1
"1438","PF3D7_1409900",4
"1439","PF3D7_1410000",1
"1440","PF3D7_1410100",1
"1441","PF3D7_1410400",2
"1442","PF3D7_1410600",1
"1443","PF3D7_1410700",2
"1444","PF3D7_1410800",1
"1445","PF3D7_1410900",1
"1446","PF3D7_1411200",2
"1447","PF3D7_1411400",1
"1448","PF3D7_1412300",2
"1449","PF3D7_1412500",1
"1450","PF3D7_1413100",1
"1451","PF3D7_1413200",1
"1452","PF3D7_1413400",2
"1453","PF3D7_1413600",1
"1454","PF3D7_1413700",1
"1455","PF3D7_1414000",4
"1456","PF3D7_1414500",5
"1457","PF3D7_1414600",5
"1458","PF3D7_1414700",1
"1459","PF3D7_1415000",2
"1460","PF3D7_1415300",1
"1461","PF3D7_1415400",1
"1462","PF3D7_1416400",3
"1463","PF3D7_1416700",1
"1464","PF3D7_1417000",1
"1465","PF3D7_1417300",2
"1466","PF3D7_1417500",1
"1467","PF3D7_1417700",1
"1468","PF3D7_1417800",2
"1469","PF3D7_1418300",1
"1470","PF3D7_1419100",2
"1471","PF3D7_1419400",2
"1472","PF3D7_1419500",1
"1473","PF3D7_1419600",1
"1474","PF3D7_1419700",2
"1475","PF3D7_1419800",1
"1476","PF3D7_1420100",1
"1477","PF3D7_1420400",1
"1478","PF3D7_1420500",1
"1479","PF3D7_1420700",1
"1480","PF3D7_1420900",1
"1481","PF3D7_1421300",1
"1482","PF3D7_1421800",2
"1483","PF3D7_1421900",2
"1484","PF3D7_1422300",1
"1485","PF3D7_1422700",2
"1486","PF3D7_1422800",1
"1487","PF3D7_1422900",1
"1488","PF3D7_1423100",3
"1489","PF3D7_1423300",2
"1490","PF3D7_1423700",3
"1491","PF3D7_1423800",2
"1492","PF3D7_1425300",4
"1493","PF3D7_1425400",1
"1494","PF3D7_1425600",1
"1495","PF3D7_1425700",1
"1496","PF3D7_1426000",2
"1497","PF3D7_1426500",1
"1498","PF3D7_1426800",1
"1499","PF3D7_1427100",1
"1500","PF3D7_1427400",1
"1501","PF3D7_1427500",1
"1502","PF3D7_1427900",3
"1503","PF3D7_1428300",1
"1504","PF3D7_1428500",2
"1505","PF3D7_1428600",1
"1506","PF3D7_1428800",1
"1507","PF3D7_1428900",2
"1508","PF3D7_1429100",2
"1509","PF3D7_1429300",1
"1510","PF3D7_1429600",1
"1511","PF3D7_1430000",1
"1512","PF3D7_1430100",2
"1513","PF3D7_1430300",2
"1514","PF3D7_1430600",1
"1515","PF3D7_1431100",1
"1516","PF3D7_1431400",1
"1517","PF3D7_1431500",4
"1518","PF3D7_1431700",2
"1519","PF3D7_1432000",2
"1520","PF3D7_1432200",2
"1521","PF3D7_1432500",2
"1522","PF3D7_1432700",3
"1523","PF3D7_1432800",2
"1524","PF3D7_1433100",1
"1525","PF3D7_1433700",2
"1526","PF3D7_1433900",2
"1527","PF3D7_1434200",1
"1528","PF3D7_1434500",2
"1529","PF3D7_1434900",1
"1530","PF3D7_1435200",1
"1531","PF3D7_1435600",2
"1532","PF3D7_1436600",2
"1533","PF3D7_1437300",1
"1534","PF3D7_1437700",1
"1535","PF3D7_1437900",2
"1536","PF3D7_1438000",1
"1537","PF3D7_1438500",1
"1538","PF3D7_1438800",1
"1539","PF3D7_1438900",1
"1540","PF3D7_1439100",1
"1541","PF3D7_1439200",3
"1542","PF3D7_1439300",3
"1543","PF3D7_1439900",2
"1544","PF3D7_1440300",1
"1545","PF3D7_1440600",1
"1546","PF3D7_1440700",2
"1547","PF3D7_1440900",1
"1548","PF3D7_1441100",3
"1549","PF3D7_1441200",1
"1550","PF3D7_1441500",2
"1551","PF3D7_1441800",1
"1552","PF3D7_1442300",1
"1553","PF3D7_1442600",1
"1554","PF3D7_1443000",1
"1555","PF3D7_1443400",2
"1556","PF3D7_1443500",1
"1557","PF3D7_1443800",1
"1558","PF3D7_1444500",1
"1559","PF3D7_1444800",2
"1560","PF3D7_1445600",1
"1561","PF3D7_1446100",1
"1562","PF3D7_1447000",2
"1563","PF3D7_1447400",1
"1564","PF3D7_1447500",1
"1565","PF3D7_1447800",2
"1566","PF3D7_1448600",1
"1567","PF3D7_1448900",1
"1568","PF3D7_1449000",1
"1569","PF3D7_1449400",4
"1570","PF3D7_1449500",1
"1571","PF3D7_1449700",1
"1572","PF3D7_1449900",2
"1573","PF3D7_1450700",2
"1574","PF3D7_1451100",2
"1575","PF3D7_1451600",1
"1576","PF3D7_1452000",2
"1577","PF3D7_1452400",2
"1578","PF3D7_1452500",3
"1579","PF3D7_1452700",1
"1580","PF3D7_1452800",1
"1581","PF3D7_1452900",3
"1582","PF3D7_1453000",1
"1583","PF3D7_1453400",3
"1584","PF3D7_1453500",1
"1585","PF3D7_1453600",1
"1586","PF3D7_1453700",1
"1587","PF3D7_1453800",2
"1588","PF3D7_1454400",3
"1589","PF3D7_1454700",1
"1590","PF3D7_1454800",1
"1591","PF3D7_1454900",1
"1592","PF3D7_1455000",1
"1593","PF3D7_1455100",4
"1594","PF3D7_1455300",1
"1595","PF3D7_1455500",1
"1596","PF3D7_1455600",1
"1597","PF3D7_1455800",1
"1598","PF3D7_1457100",1
"1599","PF3D7_1457300",1
"1600","PF3D7_1457800",1
"1601","PF3D7_1458000",1
"1602","PF3D7_1458500",2
"1603","PF3D7_1458600",1
"1604","PF3D7_1459000",2
"1605","PF3D7_1459200",2
"1606","PF3D7_1459300",1
"1607","PF3D7_1459600",3
"1608","PF3D7_1459800",5
"1609","PF3D7_1460300",2
"1610","PF3D7_1460400",1
"1611","PF3D7_1460500",3
"1612","PF3D7_1460700",1
"1613","PF3D7_1460900",1
"1614","PF3D7_1461000",1
"1615","PF3D7_1461100",4
"1616","PF3D7_1461300",1
"1617","PF3D7_1461400",2
"1618","PF3D7_1461600",1
"1619","PF3D7_1461700",1
"1620","PF3D7_1461800",1
"1621","PF3D7_1462300",2
"1622","PF3D7_1463900",1
"1623","PF3D7_1465700",1
"1624","PF3D7_1465800",1
"1625","PF3D7_1465900",2
"1626","PF3D7_1466400",2
"1627","PF3D7_1466500",1
"1628","PF3D7_1466600",1
"1629","PF3D7_1466800",1
"1630","PF3D7_1467000",1
"1631","PF3D7_1467500",1
"1632","PF3D7_1467600",1
"1633","PF3D7_1468400",1
"1634","PF3D7_1468600",1
"1635","PF3D7_1468700",1
"1636","PF3D7_1469000",2
"1637","PF3D7_1469100",1
"1638","PF3D7_1469500",1
"1639","PF3D7_1469600",1
"1640","PF3D7_1469900",2
"1641","PF3D7_1470500",1
"1642","PF3D7_1470600",1
"1643","PF3D7_1471200",3
"1644","PF3D7_1471300",1
"1645","PF3D7_1471600",2
"1646","PF3D7_1471700",2
"1647","PF3D7_1471800",1
"1648","PF3D7_1472200",3
"1649","PF3D7_1472400",1
"1650","PF3D7_1472500",1
"1651","PF3D7_1472600",1
"1652","PF3D7_1472700",3
"1653","PF3D7_1472800",2
"1654","PF3D7_1473000",1
"1655","PF3D7_1473100",1
"1656","PF3D7_1473200",2
"1657","PF3D7_1473400",1
"1658","PF3D7_1474200",1
"1659","PF3D7_1474300",1
"1660","PF3D7_1474400",2
"1661","PF3D7_1474500",2
"1662","PF3D7_1474700",1
"1663","PF3D7_1475100",2
"1664","PF3D7_1475200",1
"1665","PF3D7_1475400",1
"1666","PF3D7_1475500",1
"1667","PF3D7_1475600",1
"1668","PF3D7_1476300",1
"1669","PF3D7_1476600",1
"1670","PF3D7_1476700",1
"1671","PF3D7_API03600",2
"1672","PF3D7_0723300",6
"1673","PF3D7_1023900",6
"1674","PF3D7_1033100",6
"1675","PF3D7_1105100",6
"1676","PF3D7_1129100",6
"1677","PF3D7_1202600",6
"1678","PF3D7_1471900",6
