,0
0,Pf3D7_01_v3:29510-37126
1,Pf3D7_01_v3:29510-37126
2,Pf3D7_01_v3:29510-37126
3,Pf3D7_01_v3:38982-40207
4,Pf3D7_01_v3:38982-40207
5,Pf3D7_01_v3:38982-40207
6,Pf3D7_01_v3:42367-46507
7,Pf3D7_01_v3:42367-46507
8,Pf3D7_01_v3:42367-46507
9,Pf3D7_01_v3:50363-51636
10,Pf3D7_01_v3:50363-51636
11,Pf3D7_01_v3:50363-51636
12,Pf3D7_01_v3:74563-75366
13,Pf3D7_01_v3:74563-75366
14,Pf3D7_01_v3:74563-75366
15,Pf3D7_01_v3:104704-105209
16,Pf3D7_01_v3:221202-221633
17,Pf3D7_01_v3:221202-221633
18,Pf3D7_01_v3:221202-221633
19,Pf3D7_01_v3:222254-223960
20,Pf3D7_01_v3:225110-225779
21,Pf3D7_01_v3:226681-227285
22,Pf3D7_01_v3:226681-227285
23,Pf3D7_01_v3:226681-227285
24,Pf3D7_01_v3:263340-264223
25,Pf3D7_01_v3:272454-273404
26,Pf3D7_01_v3:295300-296931
27,Pf3D7_01_v3:302937-303398
28,Pf3D7_01_v3:326397-327224
29,Pf3D7_01_v3:328431-329558
30,Pf3D7_01_v3:328431-329558
31,Pf3D7_01_v3:328431-329558
32,Pf3D7_01_v3:349170-349709
33,Pf3D7_01_v3:369480-370178
34,Pf3D7_01_v3:374439-375087
35,Pf3D7_01_v3:376294-377004
36,Pf3D7_01_v3:377874-378599
37,Pf3D7_01_v3:392604-393035
38,Pf3D7_01_v3:413760-415100
39,Pf3D7_01_v3:420293-420853
40,Pf3D7_01_v3:442543-443289
41,Pf3D7_01_v3:442543-443289
42,Pf3D7_01_v3:442543-443289
43,Pf3D7_01_v3:450043-450646
44,Pf3D7_01_v3:450043-450646
45,Pf3D7_01_v3:450043-450646
46,Pf3D7_01_v3:450831-453118
47,Pf3D7_01_v3:450831-453118
48,Pf3D7_01_v3:450831-453118
49,Pf3D7_01_v3:454847-455338
50,Pf3D7_01_v3:454847-455338
51,Pf3D7_01_v3:454847-455338
52,Pf3D7_01_v3:481809-482618
53,Pf3D7_01_v3:481809-482618
54,Pf3D7_01_v3:481809-482618
55,Pf3D7_01_v3:487892-490127
56,Pf3D7_01_v3:547597-548380
57,Pf3D7_01_v3:547597-548380
58,Pf3D7_01_v3:547597-548380
59,Pf3D7_01_v3:577704-583789
60,Pf3D7_01_v3:577704-583789
61,Pf3D7_01_v3:577704-583789
62,Pf3D7_01_v3:587391-588394
63,Pf3D7_01_v3:587391-588394
64,Pf3D7_01_v3:587391-588394
65,Pf3D7_01_v3:604162-605531
66,Pf3D7_01_v3:604162-605531
67,Pf3D7_01_v3:604162-605531
68,Pf3D7_01_v3:607390-614893
69,Pf3D7_01_v3:607390-614893
70,Pf3D7_01_v3:607390-614893
71,Pf3D7_02_v3:25232-31168
72,Pf3D7_02_v3:25232-31168
73,Pf3D7_02_v3:25232-31168
74,Pf3D7_02_v3:73441-74396
75,Pf3D7_02_v3:73441-74396
76,Pf3D7_02_v3:73441-74396
77,Pf3D7_02_v3:77251-78808
78,Pf3D7_02_v3:77251-78808
79,Pf3D7_02_v3:77251-78808
80,Pf3D7_02_v3:81291-84165
81,Pf3D7_02_v3:81291-84165
82,Pf3D7_02_v3:81291-84165
83,Pf3D7_02_v3:86832-88791
84,Pf3D7_02_v3:86832-88791
85,Pf3D7_02_v3:86832-88791
86,Pf3D7_02_v3:91318-98838
87,Pf3D7_02_v3:91318-98838
88,Pf3D7_02_v3:91318-98838
89,Pf3D7_02_v3:103385-105796
90,Pf3D7_02_v3:103385-105796
91,Pf3D7_02_v3:103385-105796
92,Pf3D7_02_v3:109564-110580
93,Pf3D7_02_v3:127994-128314
94,Pf3D7_02_v3:127994-128314
95,Pf3D7_02_v3:127994-128314
96,Pf3D7_02_v3:129342-133563
97,Pf3D7_02_v3:137557-138389
98,Pf3D7_02_v3:162065-162900
99,Pf3D7_02_v3:162065-162900
100,Pf3D7_02_v3:162065-162900
101,Pf3D7_02_v3:166144-168051
102,Pf3D7_02_v3:192818-194199
103,Pf3D7_02_v3:209583-210833
104,Pf3D7_02_v3:211348-212627
105,Pf3D7_02_v3:228025-229932
106,Pf3D7_02_v3:232729-233476
107,Pf3D7_02_v3:232729-233476
108,Pf3D7_02_v3:232729-233476
109,Pf3D7_02_v3:245358-246699
110,Pf3D7_02_v3:270078-270619
111,Pf3D7_02_v3:270078-270619
112,Pf3D7_02_v3:270078-270619
113,Pf3D7_02_v3:271594-273009
114,Pf3D7_02_v3:273689-274507
115,Pf3D7_02_v3:277494-278456
116,Pf3D7_02_v3:288183-288665
117,Pf3D7_02_v3:288183-288665
118,Pf3D7_02_v3:288183-288665
119,Pf3D7_02_v3:335679-336581
120,Pf3D7_02_v3:352836-353628
121,Pf3D7_02_v3:354621-356117
122,Pf3D7_02_v3:356501-358014
123,Pf3D7_02_v3:356501-358014
124,Pf3D7_02_v3:356501-358014
125,Pf3D7_02_v3:359142-359849
126,Pf3D7_02_v3:384865-386580
127,Pf3D7_02_v3:404281-406355
128,Pf3D7_02_v3:409983-410228
129,Pf3D7_02_v3:409983-410228
130,Pf3D7_02_v3:409983-410228
131,Pf3D7_02_v3:412275-412859
132,Pf3D7_02_v3:423063-424654
133,Pf3D7_02_v3:425689-426497
134,Pf3D7_02_v3:436050-436994
135,Pf3D7_02_v3:437755-439002
136,Pf3D7_02_v3:442080-442934
137,Pf3D7_02_v3:455579-456286
138,Pf3D7_02_v3:455579-456286
139,Pf3D7_02_v3:455579-456286
140,Pf3D7_02_v3:457130-458585
141,Pf3D7_02_v3:467847-468476
142,Pf3D7_02_v3:492616-494306
143,Pf3D7_02_v3:533253-534350
144,Pf3D7_02_v3:533253-534350
145,Pf3D7_02_v3:533253-534350
146,Pf3D7_02_v3:535646-536146
147,Pf3D7_02_v3:537789-539420
148,Pf3D7_02_v3:537789-539420
149,Pf3D7_02_v3:537789-539420
150,Pf3D7_02_v3:540409-540969
151,Pf3D7_02_v3:540409-540969
152,Pf3D7_02_v3:540409-540969
153,Pf3D7_02_v3:541086-541548
154,Pf3D7_02_v3:557048-557696
155,Pf3D7_02_v3:590501-591421
156,Pf3D7_02_v3:643106-644317
157,Pf3D7_02_v3:668985-669841
158,Pf3D7_02_v3:715798-716549
159,Pf3D7_02_v3:717692-718281
160,Pf3D7_02_v3:720437-722661
161,Pf3D7_02_v3:731120-732312
162,Pf3D7_02_v3:734272-734595
163,Pf3D7_02_v3:738860-739852
164,Pf3D7_02_v3:772316-772690
165,Pf3D7_02_v3:773335-773754
166,Pf3D7_02_v3:774815-776036
167,Pf3D7_02_v3:774815-776036
168,Pf3D7_02_v3:774815-776036
169,Pf3D7_02_v3:809511-810298
170,Pf3D7_02_v3:813827-814654
171,Pf3D7_02_v3:823825-824864
172,Pf3D7_02_v3:831189-832005
173,Pf3D7_02_v3:878468-879251
174,Pf3D7_02_v3:878468-879251
175,Pf3D7_02_v3:878468-879251
176,Pf3D7_02_v3:913244-914457
177,Pf3D7_02_v3:913244-914457
178,Pf3D7_02_v3:913244-914457
179,Pf3D7_02_v3:916352-923648
180,Pf3D7_02_v3:916352-923648
181,Pf3D7_02_v3:916352-923648
182,Pf3D7_03_v3:36965-44482
183,Pf3D7_03_v3:36965-44482
184,Pf3D7_03_v3:36965-44482
185,Pf3D7_03_v3:88250-89231
186,Pf3D7_03_v3:96568-97907
187,Pf3D7_03_v3:175022-175799
188,Pf3D7_03_v3:190180-190719
189,Pf3D7_03_v3:217941-218489
190,Pf3D7_03_v3:219117-219872
191,Pf3D7_03_v3:221323-222516
192,Pf3D7_03_v3:224160-225793
193,Pf3D7_03_v3:260332-261085
194,Pf3D7_03_v3:260332-261085
195,Pf3D7_03_v3:260332-261085
196,Pf3D7_03_v3:278956-279828
197,Pf3D7_03_v3:285579-286112
198,Pf3D7_03_v3:286906-287319
199,Pf3D7_03_v3:295107-296094
200,Pf3D7_03_v3:295107-296094
201,Pf3D7_03_v3:295107-296094
202,Pf3D7_03_v3:302826-303083
203,Pf3D7_03_v3:304317-304999
204,Pf3D7_03_v3:304317-304999
205,Pf3D7_03_v3:304317-304999
206,Pf3D7_03_v3:310652-311805
207,Pf3D7_03_v3:312693-313342
208,Pf3D7_03_v3:314976-316236
209,Pf3D7_03_v3:314976-316236
210,Pf3D7_03_v3:314976-316236
211,Pf3D7_03_v3:365659-366672
212,Pf3D7_03_v3:369925-370789
213,Pf3D7_03_v3:407980-408318
214,Pf3D7_03_v3:420697-421515
215,Pf3D7_03_v3:463326-464274
216,Pf3D7_03_v3:463326-464274
217,Pf3D7_03_v3:463326-464274
218,Pf3D7_03_v3:464662-464991
219,Pf3D7_03_v3:464662-464991
220,Pf3D7_03_v3:464662-464991
221,Pf3D7_03_v3:502698-505848
222,Pf3D7_03_v3:512130-512951
223,Pf3D7_03_v3:524154-526439
224,Pf3D7_03_v3:534239-535238
225,Pf3D7_03_v3:537621-538804
226,Pf3D7_03_v3:543241-543942
227,Pf3D7_03_v3:543241-543942
228,Pf3D7_03_v3:543241-543942
229,Pf3D7_03_v3:569308-571051
230,Pf3D7_03_v3:569308-571051
231,Pf3D7_03_v3:569308-571051
232,Pf3D7_03_v3:584226-585168
233,Pf3D7_03_v3:584226-585168
234,Pf3D7_03_v3:584226-585168
235,Pf3D7_03_v3:612739-613422
236,Pf3D7_03_v3:612739-613422
237,Pf3D7_03_v3:612739-613422
238,Pf3D7_03_v3:632846-633544
239,Pf3D7_03_v3:635586-637462
240,Pf3D7_03_v3:638283-641306
241,Pf3D7_03_v3:641482-642579
242,Pf3D7_03_v3:658272-661643
243,Pf3D7_03_v3:658272-661643
244,Pf3D7_03_v3:658272-661643
245,Pf3D7_03_v3:725015-726130
246,Pf3D7_03_v3:783112-786165
247,Pf3D7_03_v3:802260-802583
248,Pf3D7_03_v3:802260-802583
249,Pf3D7_03_v3:802260-802583
250,Pf3D7_03_v3:807277-807859
251,Pf3D7_03_v3:807277-807859
252,Pf3D7_03_v3:807277-807859
253,Pf3D7_03_v3:817913-818695
254,Pf3D7_03_v3:840362-841758
255,Pf3D7_03_v3:865014-866420
256,Pf3D7_03_v3:875213-876295
257,Pf3D7_03_v3:875213-876295
258,Pf3D7_03_v3:875213-876295
259,Pf3D7_03_v3:928644-929159
260,Pf3D7_03_v3:928644-929159
261,Pf3D7_03_v3:928644-929159
262,Pf3D7_03_v3:968675-969202
263,Pf3D7_03_v3:968675-969202
264,Pf3D7_03_v3:968675-969202
265,Pf3D7_03_v3:1007413-1008202
266,Pf3D7_03_v3:1007413-1008202
267,Pf3D7_03_v3:1007413-1008202
268,Pf3D7_03_v3:1012355-1013464
269,Pf3D7_03_v3:1012355-1013464
270,Pf3D7_03_v3:1012355-1013464
271,Pf3D7_03_v3:1030822-1038254
272,Pf3D7_03_v3:1030822-1038254
273,Pf3D7_03_v3:1030822-1038254
274,Pf3D7_04_v3:28706-37677
275,Pf3D7_04_v3:28706-37677
276,Pf3D7_04_v3:28706-37677
277,Pf3D7_04_v3:45555-56860
278,Pf3D7_04_v3:45555-56860
279,Pf3D7_04_v3:45555-56860
280,Pf3D7_04_v3:123588-125464
281,Pf3D7_04_v3:147490-148380
282,Pf3D7_04_v3:180430-181551
283,Pf3D7_04_v3:211515-213854
284,Pf3D7_04_v3:223711-224131
285,Pf3D7_04_v3:223711-224131
286,Pf3D7_04_v3:223711-224131
287,Pf3D7_04_v3:303329-305343
288,Pf3D7_04_v3:303329-305343
289,Pf3D7_04_v3:303329-305343
290,Pf3D7_04_v3:315562-315870
291,Pf3D7_04_v3:329216-329689
292,Pf3D7_04_v3:346308-346727
293,Pf3D7_04_v3:346308-346727
294,Pf3D7_04_v3:346308-346727
295,Pf3D7_04_v3:363599-364933
296,Pf3D7_04_v3:367845-368153
297,Pf3D7_04_v3:391347-393350
298,Pf3D7_04_v3:422011-422958
299,Pf3D7_04_v3:449189-450633
300,Pf3D7_04_v3:545987-553810
301,Pf3D7_04_v3:545987-553810
302,Pf3D7_04_v3:545987-553810
303,Pf3D7_04_v3:561667-569342
304,Pf3D7_04_v3:561667-569342
305,Pf3D7_04_v3:561667-569342
306,Pf3D7_04_v3:576810-584668
307,Pf3D7_04_v3:576810-584668
308,Pf3D7_04_v3:576810-584668
309,Pf3D7_04_v3:615356-616243
310,Pf3D7_04_v3:616914-618350
311,Pf3D7_04_v3:619786-620802
312,Pf3D7_04_v3:655025-657314
313,Pf3D7_04_v3:663416-664015
314,Pf3D7_04_v3:663416-664015
315,Pf3D7_04_v3:663416-664015
316,Pf3D7_04_v3:665973-668147
317,Pf3D7_04_v3:686414-687040
318,Pf3D7_04_v3:688192-689053
319,Pf3D7_04_v3:689640-690329
320,Pf3D7_04_v3:697918-698768
321,Pf3D7_04_v3:697918-698768
322,Pf3D7_04_v3:697918-698768
323,Pf3D7_04_v3:723073-724242
324,Pf3D7_04_v3:727710-727979
325,Pf3D7_04_v3:727710-727979
326,Pf3D7_04_v3:727710-727979
327,Pf3D7_04_v3:729962-731223
328,Pf3D7_04_v3:729962-731223
329,Pf3D7_04_v3:729962-731223
330,Pf3D7_04_v3:742149-743091
331,Pf3D7_04_v3:750860-753712
332,Pf3D7_04_v3:829963-830594
333,Pf3D7_04_v3:843562-845169
334,Pf3D7_04_v3:852510-853566
335,Pf3D7_04_v3:854879-855289
336,Pf3D7_04_v3:866501-868111
337,Pf3D7_04_v3:870737-871873
338,Pf3D7_04_v3:870737-871873
339,Pf3D7_04_v3:870737-871873
340,Pf3D7_04_v3:873138-874115
341,Pf3D7_04_v3:874811-875521
342,Pf3D7_04_v3:874811-875521
343,Pf3D7_04_v3:874811-875521
344,Pf3D7_04_v3:930404-931608
345,Pf3D7_04_v3:930404-931608
346,Pf3D7_04_v3:930404-931608
347,Pf3D7_04_v3:935031-941875
348,Pf3D7_04_v3:935031-941875
349,Pf3D7_04_v3:935031-941875
350,Pf3D7_04_v3:946169-953773
351,Pf3D7_04_v3:946169-953773
352,Pf3D7_04_v3:946169-953773
353,Pf3D7_04_v3:958067-965611
354,Pf3D7_04_v3:958067-965611
355,Pf3D7_04_v3:958067-965611
356,Pf3D7_04_v3:969031-976591
357,Pf3D7_04_v3:969031-976591
358,Pf3D7_04_v3:969031-976591
359,Pf3D7_04_v3:995998-996252
360,Pf3D7_04_v3:997240-997455
361,Pf3D7_04_v3:1022487-1024166
362,Pf3D7_04_v3:1040470-1041642
363,Pf3D7_04_v3:1051576-1053006
364,Pf3D7_04_v3:1055665-1056318
365,Pf3D7_04_v3:1055665-1056318
366,Pf3D7_04_v3:1055665-1056318
367,Pf3D7_04_v3:1058997-1060551
368,Pf3D7_04_v3:1058997-1060551
369,Pf3D7_04_v3:1058997-1060551
370,Pf3D7_04_v3:1071435-1071845
371,Pf3D7_04_v3:1077926-1078488
372,Pf3D7_04_v3:1113345-1114486
373,Pf3D7_04_v3:1156423-1167821
374,Pf3D7_04_v3:1156423-1167821
375,Pf3D7_04_v3:1156423-1167821
376,Pf3D7_04_v3:1173053-1180226
377,Pf3D7_04_v3:1173053-1180226
378,Pf3D7_04_v3:1173053-1180226
379,Pf3D7_05_v3:20929-28456
380,Pf3D7_05_v3:20929-28456
381,Pf3D7_05_v3:20929-28456
382,Pf3D7_05_v3:64065-65489
383,Pf3D7_05_v3:68930-70113
384,Pf3D7_05_v3:74509-79842
385,Pf3D7_05_v3:81134-82336
386,Pf3D7_05_v3:120107-121455
387,Pf3D7_05_v3:122449-122862
388,Pf3D7_05_v3:123332-123904
389,Pf3D7_05_v3:125116-126514
390,Pf3D7_05_v3:135004-135930
391,Pf3D7_05_v3:140710-141471
392,Pf3D7_05_v3:151422-152384
393,Pf3D7_05_v3:169549-170590
394,Pf3D7_05_v3:177410-178555
395,Pf3D7_05_v3:206450-208375
396,Pf3D7_05_v3:245933-246934
397,Pf3D7_05_v3:245933-246934
398,Pf3D7_05_v3:245933-246934
399,Pf3D7_05_v3:252047-252606
400,Pf3D7_05_v3:252047-252606
401,Pf3D7_05_v3:252047-252606
402,Pf3D7_05_v3:254473-255517
403,Pf3D7_05_v3:257748-258831
404,Pf3D7_05_v3:262672-263925
405,Pf3D7_05_v3:292696-293474
406,Pf3D7_05_v3:292696-293474
407,Pf3D7_05_v3:292696-293474
408,Pf3D7_05_v3:305961-306422
409,Pf3D7_05_v3:337426-339025
410,Pf3D7_05_v3:342205-343233
411,Pf3D7_05_v3:363588-364442
412,Pf3D7_05_v3:376855-378452
413,Pf3D7_05_v3:376855-378452
414,Pf3D7_05_v3:376855-378452
415,Pf3D7_05_v3:388696-389191
416,Pf3D7_05_v3:405961-407897
417,Pf3D7_05_v3:416365-417309
418,Pf3D7_05_v3:416365-417309
419,Pf3D7_05_v3:416365-417309
420,Pf3D7_05_v3:440779-441879
421,Pf3D7_05_v3:444260-445579
422,Pf3D7_05_v3:459301-460344
423,Pf3D7_05_v3:467585-468100
424,Pf3D7_05_v3:467585-468100
425,Pf3D7_05_v3:467585-468100
426,Pf3D7_05_v3:469276-469842
427,Pf3D7_05_v3:469276-469842
428,Pf3D7_05_v3:469276-469842
429,Pf3D7_05_v3:481423-482568
430,Pf3D7_05_v3:519129-520078
431,Pf3D7_05_v3:525026-527218
432,Pf3D7_05_v3:527639-528666
433,Pf3D7_05_v3:527639-528666
434,Pf3D7_05_v3:527639-528666
435,Pf3D7_05_v3:533556-534338
436,Pf3D7_05_v3:536273-536977
437,Pf3D7_05_v3:536273-536977
438,Pf3D7_05_v3:536273-536977
439,Pf3D7_05_v3:544540-545993
440,Pf3D7_05_v3:544540-545993
441,Pf3D7_05_v3:544540-545993
442,Pf3D7_05_v3:546734-547579
443,Pf3D7_05_v3:553990-554787
444,Pf3D7_05_v3:557039-558012
445,Pf3D7_05_v3:569182-569919
446,Pf3D7_05_v3:573588-574248
447,Pf3D7_05_v3:585357-585980
448,Pf3D7_05_v3:587752-588677
449,Pf3D7_05_v3:627298-627961
450,Pf3D7_05_v3:658423-658677
451,Pf3D7_05_v3:660150-661136
452,Pf3D7_05_v3:660150-661136
453,Pf3D7_05_v3:660150-661136
454,Pf3D7_05_v3:663551-666917
455,Pf3D7_05_v3:675809-676614
456,Pf3D7_05_v3:675809-676614
457,Pf3D7_05_v3:675809-676614
458,Pf3D7_05_v3:712762-713772
459,Pf3D7_05_v3:712762-713772
460,Pf3D7_05_v3:712762-713772
461,Pf3D7_05_v3:715765-716675
462,Pf3D7_05_v3:724681-725751
463,Pf3D7_05_v3:724681-725751
464,Pf3D7_05_v3:724681-725751
465,Pf3D7_05_v3:740156-741034
466,Pf3D7_05_v3:747795-749677
467,Pf3D7_05_v3:758503-758898
468,Pf3D7_05_v3:759831-760998
469,Pf3D7_05_v3:783638-784991
470,Pf3D7_05_v3:783638-784991
471,Pf3D7_05_v3:783638-784991
472,Pf3D7_05_v3:790399-790773
473,Pf3D7_05_v3:791719-792936
474,Pf3D7_05_v3:798036-798775
475,Pf3D7_05_v3:798036-798775
476,Pf3D7_05_v3:798036-798775
477,Pf3D7_05_v3:817066-819139
478,Pf3D7_05_v3:817066-819139
479,Pf3D7_05_v3:817066-819139
480,Pf3D7_05_v3:828953-829883
481,Pf3D7_05_v3:838428-839083
482,Pf3D7_05_v3:838428-839083
483,Pf3D7_05_v3:838428-839083
484,Pf3D7_05_v3:880065-880355
485,Pf3D7_05_v3:880065-880355
486,Pf3D7_05_v3:880065-880355
487,Pf3D7_05_v3:896018-896940
488,Pf3D7_05_v3:897465-899756
489,Pf3D7_05_v3:902613-904844
490,Pf3D7_05_v3:944184-944931
491,Pf3D7_05_v3:970266-970962
492,Pf3D7_05_v3:970266-970962
493,Pf3D7_05_v3:970266-970962
494,Pf3D7_05_v3:978665-979870
495,Pf3D7_05_v3:993433-994607
496,Pf3D7_05_v3:1008636-1009404
497,Pf3D7_05_v3:1013453-1014550
498,Pf3D7_05_v3:1016198-1016569
499,Pf3D7_05_v3:1017809-1018582
500,Pf3D7_05_v3:1066526-1067712
501,Pf3D7_05_v3:1068516-1069285
502,Pf3D7_05_v3:1085623-1086594
503,Pf3D7_05_v3:1085623-1086594
504,Pf3D7_05_v3:1085623-1086594
505,Pf3D7_05_v3:1120704-1121810
506,Pf3D7_05_v3:1123610-1124595
507,Pf3D7_05_v3:1129959-1130754
508,Pf3D7_05_v3:1153676-1155673
509,Pf3D7_05_v3:1156205-1156579
510,Pf3D7_05_v3:1176969-1177286
511,Pf3D7_05_v3:1178276-1178890
512,Pf3D7_05_v3:1183916-1185639
513,Pf3D7_05_v3:1191000-1191682
514,Pf3D7_05_v3:1220777-1221992
515,Pf3D7_05_v3:1224598-1224891
516,Pf3D7_05_v3:1224598-1224891
517,Pf3D7_05_v3:1224598-1224891
518,Pf3D7_05_v3:1226883-1227757
519,Pf3D7_05_v3:1254282-1254796
520,Pf3D7_05_v3:1254282-1254796
521,Pf3D7_05_v3:1254282-1254796
522,Pf3D7_05_v3:1279958-1280599
523,Pf3D7_05_v3:1279958-1280599
524,Pf3D7_05_v3:1301224-1301769
525,Pf3D7_06_v3:3503-12835
526,Pf3D7_06_v3:3503-12835
527,Pf3D7_06_v3:3503-12835
528,Pf3D7_06_v3:18586-22721
529,Pf3D7_06_v3:18586-22721
530,Pf3D7_06_v3:18586-22721
531,Pf3D7_06_v3:29618-31484
532,Pf3D7_06_v3:29618-31484
533,Pf3D7_06_v3:29618-31484
534,Pf3D7_06_v3:47463-48261
535,Pf3D7_06_v3:47463-48261
536,Pf3D7_06_v3:47463-48261
537,Pf3D7_06_v3:68833-69693
538,Pf3D7_06_v3:68833-69693
539,Pf3D7_06_v3:68833-69693
540,Pf3D7_06_v3:78190-78784
541,Pf3D7_06_v3:78190-78784
542,Pf3D7_06_v3:78190-78784
543,Pf3D7_06_v3:118638-120203
544,Pf3D7_06_v3:180936-181481
545,Pf3D7_06_v3:212415-213032
546,Pf3D7_06_v3:212415-213032
547,Pf3D7_06_v3:212415-213032
548,Pf3D7_06_v3:217240-219507
549,Pf3D7_06_v3:217240-219507
550,Pf3D7_06_v3:217240-219507
551,Pf3D7_06_v3:220407-221813
552,Pf3D7_06_v3:247640-249166
553,Pf3D7_06_v3:247640-249166
554,Pf3D7_06_v3:247640-249166
555,Pf3D7_06_v3:261031-261945
556,Pf3D7_06_v3:262826-263194
557,Pf3D7_06_v3:262826-263194
558,Pf3D7_06_v3:262826-263194
559,Pf3D7_06_v3:263936-264830
560,Pf3D7_06_v3:290426-291085
561,Pf3D7_06_v3:335107-337368
562,Pf3D7_06_v3:341874-342821
563,Pf3D7_06_v3:349946-350515
564,Pf3D7_06_v3:351780-352775
565,Pf3D7_06_v3:355229-356276
566,Pf3D7_06_v3:388915-390748
567,Pf3D7_06_v3:421157-422622
568,Pf3D7_06_v3:421157-422622
569,Pf3D7_06_v3:421157-422622
570,Pf3D7_06_v3:444747-445157
571,Pf3D7_06_v3:452667-453446
572,Pf3D7_06_v3:452667-453446
573,Pf3D7_06_v3:452667-453446
574,Pf3D7_06_v3:466198-466449
575,Pf3D7_06_v3:466198-466449
576,Pf3D7_06_v3:466198-466449
577,Pf3D7_06_v3:467481-468642
578,Pf3D7_06_v3:488579-489287
579,Pf3D7_06_v3:488579-489287
580,Pf3D7_06_v3:488579-489287
581,Pf3D7_06_v3:507678-508286
582,Pf3D7_06_v3:520751-521107
583,Pf3D7_06_v3:521228-521938
584,Pf3D7_06_v3:522300-522665
585,Pf3D7_06_v3:533907-535364
586,Pf3D7_06_v3:533907-535364
587,Pf3D7_06_v3:533907-535364
588,Pf3D7_06_v3:537778-538585
589,Pf3D7_06_v3:537778-538585
590,Pf3D7_06_v3:537778-538585
591,Pf3D7_06_v3:539304-539674
592,Pf3D7_06_v3:539304-539674
593,Pf3D7_06_v3:539304-539674
594,Pf3D7_06_v3:546964-547741
595,Pf3D7_06_v3:587019-588635
596,Pf3D7_06_v3:606142-607259
597,Pf3D7_06_v3:606142-607259
598,Pf3D7_06_v3:606142-607259
599,Pf3D7_06_v3:625365-627612
600,Pf3D7_06_v3:656376-657636
601,Pf3D7_06_v3:669860-671632
602,Pf3D7_06_v3:672119-672754
603,Pf3D7_06_v3:674118-676375
604,Pf3D7_06_v3:676888-677571
605,Pf3D7_06_v3:720535-721312
606,Pf3D7_06_v3:723117-731490
607,Pf3D7_06_v3:723117-731490
608,Pf3D7_06_v3:723117-731490
609,Pf3D7_06_v3:748416-748814
610,Pf3D7_06_v3:748416-748814
611,Pf3D7_06_v3:748416-748814
612,Pf3D7_06_v3:754395-754805
613,Pf3D7_06_v3:754395-754805
614,Pf3D7_06_v3:754395-754805
615,Pf3D7_06_v3:768792-769456
616,Pf3D7_06_v3:768792-769456
617,Pf3D7_06_v3:768792-769456
618,Pf3D7_06_v3:778692-779636
619,Pf3D7_06_v3:778692-779636
620,Pf3D7_06_v3:778692-779636
621,Pf3D7_06_v3:815622-818247
622,Pf3D7_06_v3:840523-841224
623,Pf3D7_06_v3:841846-843363
624,Pf3D7_06_v3:845660-846157
625,Pf3D7_06_v3:846523-847494
626,Pf3D7_06_v3:871297-872202
627,Pf3D7_06_v3:871297-872202
628,Pf3D7_06_v3:871297-872202
629,Pf3D7_06_v3:891997-892777
630,Pf3D7_06_v3:891997-892777
631,Pf3D7_06_v3:891997-892777
632,Pf3D7_06_v3:896989-897968
633,Pf3D7_06_v3:912406-913710
634,Pf3D7_06_v3:914743-915429
635,Pf3D7_06_v3:946129-947244
636,Pf3D7_06_v3:952906-954848
637,Pf3D7_06_v3:977183-978049
638,Pf3D7_06_v3:983946-984989
639,Pf3D7_06_v3:983946-984989
640,Pf3D7_06_v3:983946-984989
641,Pf3D7_06_v3:985047-986870
642,Pf3D7_06_v3:985047-986870
643,Pf3D7_06_v3:985047-986870
644,Pf3D7_06_v3:987808-989636
645,Pf3D7_06_v3:994284-994553
646,Pf3D7_06_v3:994284-994553
647,Pf3D7_06_v3:994284-994553
648,Pf3D7_06_v3:1009457-1010718
649,Pf3D7_06_v3:1020024-1021875
650,Pf3D7_06_v3:1035358-1036371
651,Pf3D7_06_v3:1042652-1042948
652,Pf3D7_06_v3:1042652-1042948
653,Pf3D7_06_v3:1042652-1042948
654,Pf3D7_06_v3:1056052-1058529
655,Pf3D7_06_v3:1073458-1073895
656,Pf3D7_06_v3:1075018-1076136
657,Pf3D7_06_v3:1084508-1084840
658,Pf3D7_06_v3:1100277-1100858
659,Pf3D7_06_v3:1101734-1102852
660,Pf3D7_06_v3:1104015-1105199
661,Pf3D7_06_v3:1170813-1173696
662,Pf3D7_06_v3:1176265-1178587
663,Pf3D7_06_v3:1179053-1180003
664,Pf3D7_06_v3:1183896-1185617
665,Pf3D7_06_v3:1185996-1188644
666,Pf3D7_06_v3:1199853-1200995
667,Pf3D7_06_v3:1199853-1200995
668,Pf3D7_06_v3:1199853-1200995
669,Pf3D7_06_v3:1205190-1207781
670,Pf3D7_06_v3:1210420-1212762
671,Pf3D7_06_v3:1218307-1219251
672,Pf3D7_06_v3:1295474-1296331
673,Pf3D7_06_v3:1295474-1296331
674,Pf3D7_06_v3:1295474-1296331
675,Pf3D7_06_v3:1297885-1299373
676,Pf3D7_06_v3:1297885-1299373
677,Pf3D7_06_v3:1297885-1299373
678,Pf3D7_06_v3:1318327-1319116
679,Pf3D7_06_v3:1318327-1319116
680,Pf3D7_06_v3:1318327-1319116
681,Pf3D7_06_v3:1323294-1324435
682,Pf3D7_06_v3:1323294-1324435
683,Pf3D7_06_v3:1323294-1324435
684,Pf3D7_06_v3:1353946-1366430
685,Pf3D7_06_v3:1353946-1366430
686,Pf3D7_06_v3:1353946-1366430
687,Pf3D7_06_v3:1374797-1382627
688,Pf3D7_06_v3:1374797-1382627
689,Pf3D7_06_v3:1374797-1382627
690,Pf3D7_07_v3:20307-28083
691,Pf3D7_07_v3:20307-28083
692,Pf3D7_07_v3:20307-28083
693,Pf3D7_07_v3:48300-49106
694,Pf3D7_07_v3:48300-49106
695,Pf3D7_07_v3:48300-49106
696,Pf3D7_07_v3:71049-71860
697,Pf3D7_07_v3:71049-71860
698,Pf3D7_07_v3:71049-71860
699,Pf3D7_07_v3:101694-102285
700,Pf3D7_07_v3:113144-113948
701,Pf3D7_07_v3:144019-145953
702,Pf3D7_07_v3:146645-147394
703,Pf3D7_07_v3:252282-255251
704,Pf3D7_07_v3:285472-286166
705,Pf3D7_07_v3:285472-286166
706,Pf3D7_07_v3:285472-286166
707,Pf3D7_07_v3:287597-289088
708,Pf3D7_07_v3:290100-291220
709,Pf3D7_07_v3:304315-304755
710,Pf3D7_07_v3:304315-304755
711,Pf3D7_07_v3:304315-304755
712,Pf3D7_07_v3:305563-306032
713,Pf3D7_07_v3:306855-307133
714,Pf3D7_07_v3:353986-354720
715,Pf3D7_07_v3:389473-390365
716,Pf3D7_07_v3:389473-390365
717,Pf3D7_07_v3:389473-390365
718,Pf3D7_07_v3:391502-392188
719,Pf3D7_07_v3:399290-400243
720,Pf3D7_07_v3:437900-438094
721,Pf3D7_07_v3:472501-473541
722,Pf3D7_07_v3:478468-479138
723,Pf3D7_07_v3:481369-481974
724,Pf3D7_07_v3:481369-481974
725,Pf3D7_07_v3:481369-481974
726,Pf3D7_07_v3:482701-483831
727,Pf3D7_07_v3:492519-493232
728,Pf3D7_07_v3:499336-499695
729,Pf3D7_07_v3:511950-519425
730,Pf3D7_07_v3:511950-519425
731,Pf3D7_07_v3:511950-519425
732,Pf3D7_07_v3:527338-535131
733,Pf3D7_07_v3:527338-535131
734,Pf3D7_07_v3:527338-535131
735,Pf3D7_07_v3:542906-550520
736,Pf3D7_07_v3:542906-550520
737,Pf3D7_07_v3:542906-550520
738,Pf3D7_07_v3:552158-559078
739,Pf3D7_07_v3:552158-559078
740,Pf3D7_07_v3:552158-559078
741,Pf3D7_07_v3:566726-574308
742,Pf3D7_07_v3:566726-574308
743,Pf3D7_07_v3:566726-574308
744,Pf3D7_07_v3:581386-588923
745,Pf3D7_07_v3:581386-588923
746,Pf3D7_07_v3:581386-588923
747,Pf3D7_07_v3:590326-597733
748,Pf3D7_07_v3:590326-597733
749,Pf3D7_07_v3:590326-597733
750,Pf3D7_07_v3:621463-623521
751,Pf3D7_07_v3:624379-625300
752,Pf3D7_07_v3:624379-625300
753,Pf3D7_07_v3:624379-625300
754,Pf3D7_07_v3:643101-643472
755,Pf3D7_07_v3:643101-643472
756,Pf3D7_07_v3:643101-643472
757,Pf3D7_07_v3:662284-663407
758,Pf3D7_07_v3:664956-666167
759,Pf3D7_07_v3:689543-690057
760,Pf3D7_07_v3:720010-721467
761,Pf3D7_07_v3:720010-721467
762,Pf3D7_07_v3:720010-721467
763,Pf3D7_07_v3:732070-733496
764,Pf3D7_07_v3:736370-737338
765,Pf3D7_07_v3:755763-757696
766,Pf3D7_07_v3:764794-766413
767,Pf3D7_07_v3:822438-823015
768,Pf3D7_07_v3:841108-842830
769,Pf3D7_07_v3:841108-842830
770,Pf3D7_07_v3:841108-842830
771,Pf3D7_07_v3:858742-859492
772,Pf3D7_07_v3:858742-859492
773,Pf3D7_07_v3:858742-859492
774,Pf3D7_07_v3:861583-862487
775,Pf3D7_07_v3:861583-862487
776,Pf3D7_07_v3:861583-862487
777,Pf3D7_07_v3:863452-864813
778,Pf3D7_07_v3:877865-878632
779,Pf3D7_07_v3:879454-879946
780,Pf3D7_07_v3:886346-887487
781,Pf3D7_07_v3:886346-887487
782,Pf3D7_07_v3:886346-887487
783,Pf3D7_07_v3:887816-889378
784,Pf3D7_07_v3:916434-917168
785,Pf3D7_07_v3:917958-920816
786,Pf3D7_07_v3:926692-928028
787,Pf3D7_07_v3:931459-932164
788,Pf3D7_07_v3:938279-938895
789,Pf3D7_07_v3:938279-938895
790,Pf3D7_07_v3:938279-938895
791,Pf3D7_07_v3:939715-940250
792,Pf3D7_07_v3:941776-942513
793,Pf3D7_07_v3:954784-956343
794,Pf3D7_07_v3:954784-956343
795,Pf3D7_07_v3:954784-956343
796,Pf3D7_07_v3:956920-958017
797,Pf3D7_07_v3:962031-962447
798,Pf3D7_07_v3:962031-962447
799,Pf3D7_07_v3:962031-962447
800,Pf3D7_07_v3:965664-967782
801,Pf3D7_07_v3:965664-967782
802,Pf3D7_07_v3:965664-967782
803,Pf3D7_07_v3:968836-969735
804,Pf3D7_07_v3:970492-971877
805,Pf3D7_07_v3:986598-987365
806,Pf3D7_07_v3:1023651-1024121
807,Pf3D7_07_v3:1079015-1080055
808,Pf3D7_07_v3:1079015-1080055
809,Pf3D7_07_v3:1079015-1080055
810,Pf3D7_07_v3:1143303-1143815
811,Pf3D7_07_v3:1144046-1144730
812,Pf3D7_07_v3:1191179-1192289
813,Pf3D7_07_v3:1191179-1192289
814,Pf3D7_07_v3:1191179-1192289
815,Pf3D7_07_v3:1211657-1213517
816,Pf3D7_07_v3:1235699-1236707
817,Pf3D7_07_v3:1264445-1264738
818,Pf3D7_07_v3:1264445-1264738
819,Pf3D7_07_v3:1264445-1264738
820,Pf3D7_07_v3:1342842-1343996
821,Pf3D7_07_v3:1350032-1351149
822,Pf3D7_07_v3:1372063-1372760
823,Pf3D7_07_v3:1410435-1412231
824,Pf3D7_07_v3:1410435-1412231
825,Pf3D7_07_v3:1410435-1412231
826,Pf3D7_07_v3:1414434-1415683
827,Pf3D7_07_v3:1414434-1415683
828,Pf3D7_07_v3:1414434-1415683
829,Pf3D7_07_v3:1417588-1426234
830,Pf3D7_07_v3:1417588-1426234
831,Pf3D7_07_v3:1417588-1426234
832,Pf3D7_08_v3:21361-28653
833,Pf3D7_08_v3:21361-28653
834,Pf3D7_08_v3:21361-28653
835,Pf3D7_08_v3:29700-39033
836,Pf3D7_08_v3:29700-39033
837,Pf3D7_08_v3:29700-39033
838,Pf3D7_08_v3:40948-50939
839,Pf3D7_08_v3:40948-50939
840,Pf3D7_08_v3:40948-50939
841,Pf3D7_08_v3:52760-53982
842,Pf3D7_08_v3:52760-53982
843,Pf3D7_08_v3:52760-53982
844,Pf3D7_08_v3:61138-62135
845,Pf3D7_08_v3:61138-62135
846,Pf3D7_08_v3:61138-62135
847,Pf3D7_08_v3:65716-71785
848,Pf3D7_08_v3:65716-71785
849,Pf3D7_08_v3:65716-71785
850,Pf3D7_08_v3:101954-102826
851,Pf3D7_08_v3:165416-166078
852,Pf3D7_08_v3:165416-166078
853,Pf3D7_08_v3:165416-166078
854,Pf3D7_08_v3:195148-195678
855,Pf3D7_08_v3:195148-195678
856,Pf3D7_08_v3:195148-195678
857,Pf3D7_08_v3:231398-232756
858,Pf3D7_08_v3:278381-279034
859,Pf3D7_08_v3:278381-279034
860,Pf3D7_08_v3:278381-279034
861,Pf3D7_08_v3:290902-291183
862,Pf3D7_08_v3:303370-304596
863,Pf3D7_08_v3:344288-344821
864,Pf3D7_08_v3:344288-344821
865,Pf3D7_08_v3:344288-344821
866,Pf3D7_08_v3:370784-372623
867,Pf3D7_08_v3:381564-382847
868,Pf3D7_08_v3:381564-382847
869,Pf3D7_08_v3:381564-382847
870,Pf3D7_08_v3:384298-385797
871,Pf3D7_08_v3:387219-388364
872,Pf3D7_08_v3:402595-404141
873,Pf3D7_08_v3:421493-422640
874,Pf3D7_08_v3:431165-439051
875,Pf3D7_08_v3:431165-439051
876,Pf3D7_08_v3:431165-439051
877,Pf3D7_08_v3:440408-448062
878,Pf3D7_08_v3:440408-448062
879,Pf3D7_08_v3:440408-448062
880,Pf3D7_08_v3:459312-466567
881,Pf3D7_08_v3:459312-466567
882,Pf3D7_08_v3:459312-466567
883,Pf3D7_08_v3:478512-478826
884,Pf3D7_08_v3:517421-517693
885,Pf3D7_08_v3:519331-519991
886,Pf3D7_08_v3:519331-519991
887,Pf3D7_08_v3:519331-519991
888,Pf3D7_08_v3:525058-527604
889,Pf3D7_08_v3:534469-536619
890,Pf3D7_08_v3:546163-547365
891,Pf3D7_08_v3:548200-550616
892,Pf3D7_08_v3:600525-602247
893,Pf3D7_08_v3:613325-614862
894,Pf3D7_08_v3:614919-617821
895,Pf3D7_08_v3:618843-620228
896,Pf3D7_08_v3:621805-623442
897,Pf3D7_08_v3:631584-632229
898,Pf3D7_08_v3:656078-657630
899,Pf3D7_08_v3:658493-662095
900,Pf3D7_08_v3:676391-677464
901,Pf3D7_08_v3:677989-678725
902,Pf3D7_08_v3:677989-678725
903,Pf3D7_08_v3:677989-678725
904,Pf3D7_08_v3:680957-681809
905,Pf3D7_08_v3:682518-683572
906,Pf3D7_08_v3:687340-688086
907,Pf3D7_08_v3:695215-697522
908,Pf3D7_08_v3:733279-734573
909,Pf3D7_08_v3:748653-749623
910,Pf3D7_08_v3:750082-750711
911,Pf3D7_08_v3:760138-761031
912,Pf3D7_08_v3:767110-767880
913,Pf3D7_08_v3:798777-800205
914,Pf3D7_08_v3:798777-800205
915,Pf3D7_08_v3:798777-800205
916,Pf3D7_08_v3:815150-815451
917,Pf3D7_08_v3:816803-817102
918,Pf3D7_08_v3:816803-817102
919,Pf3D7_08_v3:816803-817102
920,Pf3D7_08_v3:830006-831454
921,Pf3D7_08_v3:842317-843215
922,Pf3D7_08_v3:845253-847380
923,Pf3D7_08_v3:869562-870574
924,Pf3D7_08_v3:881590-884390
925,Pf3D7_08_v3:885198-886136
926,Pf3D7_08_v3:899004-899657
927,Pf3D7_08_v3:899004-899657
928,Pf3D7_08_v3:899004-899657
929,Pf3D7_08_v3:909207-910716
930,Pf3D7_08_v3:948745-950899
931,Pf3D7_08_v3:965822-966657
932,Pf3D7_08_v3:973586-974267
933,Pf3D7_08_v3:976074-976644
934,Pf3D7_08_v3:976074-976644
935,Pf3D7_08_v3:976074-976644
936,Pf3D7_08_v3:977432-978188
937,Pf3D7_08_v3:988281-988763
938,Pf3D7_08_v3:1005836-1006810
939,Pf3D7_08_v3:1018089-1019268
940,Pf3D7_08_v3:1022629-1023846
941,Pf3D7_08_v3:1052771-1053991
942,Pf3D7_08_v3:1093690-1094489
943,Pf3D7_08_v3:1095116-1095562
944,Pf3D7_08_v3:1095116-1095562
945,Pf3D7_08_v3:1095116-1095562
946,Pf3D7_08_v3:1096423-1097363
947,Pf3D7_08_v3:1100816-1101073
948,Pf3D7_08_v3:1160164-1161708
949,Pf3D7_08_v3:1186175-1187125
950,Pf3D7_08_v3:1241966-1242895
951,Pf3D7_08_v3:1254558-1255376
952,Pf3D7_08_v3:1254558-1255376
953,Pf3D7_08_v3:1254558-1255376
954,Pf3D7_08_v3:1256555-1257133
955,Pf3D7_08_v3:1256555-1257133
956,Pf3D7_08_v3:1256555-1257133
957,Pf3D7_08_v3:1269135-1269647
958,Pf3D7_08_v3:1294022-1294722
959,Pf3D7_08_v3:1307053-1307924
960,Pf3D7_08_v3:1353456-1354669
961,Pf3D7_08_v3:1365467-1367506
962,Pf3D7_08_v3:1365467-1367506
963,Pf3D7_08_v3:1365467-1367506
964,Pf3D7_08_v3:1374236-1375299
965,Pf3D7_08_v3:1374236-1375299
966,Pf3D7_08_v3:1374236-1375299
967,Pf3D7_08_v3:1392168-1393491
968,Pf3D7_08_v3:1392168-1393491
969,Pf3D7_08_v3:1392168-1393491
970,Pf3D7_08_v3:1435794-1443449
971,Pf3D7_08_v3:1435794-1443449
972,Pf3D7_08_v3:1435794-1443449
973,Pf3D7_09_v3:20080-27885
974,Pf3D7_09_v3:20080-27885
975,Pf3D7_09_v3:20080-27885
976,Pf3D7_09_v3:29797-31157
977,Pf3D7_09_v3:29797-31157
978,Pf3D7_09_v3:29797-31157
979,Pf3D7_09_v3:74409-75746
980,Pf3D7_09_v3:74409-75746
981,Pf3D7_09_v3:74409-75746
982,Pf3D7_09_v3:77861-78874
983,Pf3D7_09_v3:77861-78874
984,Pf3D7_09_v3:77861-78874
985,Pf3D7_09_v3:127416-127724
986,Pf3D7_09_v3:133762-135587
987,Pf3D7_09_v3:175542-177442
988,Pf3D7_09_v3:185821-186383
989,Pf3D7_09_v3:185821-186383
990,Pf3D7_09_v3:185821-186383
991,Pf3D7_09_v3:187342-188622
992,Pf3D7_09_v3:208168-208725
993,Pf3D7_09_v3:210077-210609
994,Pf3D7_09_v3:210077-210609
995,Pf3D7_09_v3:210077-210609
996,Pf3D7_09_v3:234501-235346
997,Pf3D7_09_v3:305070-306626
998,Pf3D7_09_v3:356536-357683
999,Pf3D7_09_v3:388149-388736
1000,Pf3D7_09_v3:420485-421682
1001,Pf3D7_09_v3:430578-432047
1002,Pf3D7_09_v3:433238-435373
1003,Pf3D7_09_v3:445788-446329
1004,Pf3D7_09_v3:500183-502733
1005,Pf3D7_09_v3:500183-502733
1006,Pf3D7_09_v3:500183-502733
1007,Pf3D7_09_v3:509934-510527
1008,Pf3D7_09_v3:535851-536681
1009,Pf3D7_09_v3:551426-553167
1010,Pf3D7_09_v3:562677-562934
1011,Pf3D7_09_v3:567283-568640
1012,Pf3D7_09_v3:569124-570374
1013,Pf3D7_09_v3:580760-581468
1014,Pf3D7_09_v3:589263-591242
1015,Pf3D7_09_v3:593107-593556
1016,Pf3D7_09_v3:593107-593556
1017,Pf3D7_09_v3:593107-593556
1018,Pf3D7_09_v3:617963-619835
1019,Pf3D7_09_v3:627754-628319
1020,Pf3D7_09_v3:633574-634200
1021,Pf3D7_09_v3:643232-644043
1022,Pf3D7_09_v3:660176-660892
1023,Pf3D7_09_v3:661481-662326
1024,Pf3D7_09_v3:663918-664571
1025,Pf3D7_09_v3:665978-666478
1026,Pf3D7_09_v3:665978-666478
1027,Pf3D7_09_v3:665978-666478
1028,Pf3D7_09_v3:696863-698029
1029,Pf3D7_09_v3:703368-703517
1030,Pf3D7_09_v3:705357-706355
1031,Pf3D7_09_v3:716325-717506
1032,Pf3D7_09_v3:737985-740276
1033,Pf3D7_09_v3:742494-743684
1034,Pf3D7_09_v3:747173-748490
1035,Pf3D7_09_v3:751358-752422
1036,Pf3D7_09_v3:789514-790478
1037,Pf3D7_09_v3:789514-790478
1038,Pf3D7_09_v3:789514-790478
1039,Pf3D7_09_v3:795539-797470
1040,Pf3D7_09_v3:800703-802136
1041,Pf3D7_09_v3:803029-803757
1042,Pf3D7_09_v3:825336-827140
1043,Pf3D7_09_v3:841536-842655
1044,Pf3D7_09_v3:841536-842655
1045,Pf3D7_09_v3:841536-842655
1046,Pf3D7_09_v3:857587-858829
1047,Pf3D7_09_v3:857587-858829
1048,Pf3D7_09_v3:857587-858829
1049,Pf3D7_09_v3:861392-862784
1050,Pf3D7_09_v3:886065-887389
1051,Pf3D7_09_v3:890057-893267
1052,Pf3D7_09_v3:903362-904570
1053,Pf3D7_09_v3:913230-914480
1054,Pf3D7_09_v3:939580-940587
1055,Pf3D7_09_v3:956605-957835
1056,Pf3D7_09_v3:956605-957835
1057,Pf3D7_09_v3:956605-957835
1058,Pf3D7_09_v3:958763-959917
1059,Pf3D7_09_v3:966795-968069
1060,Pf3D7_09_v3:984815-986017
1061,Pf3D7_09_v3:1009063-1009755
1062,Pf3D7_09_v3:1009063-1009755
1063,Pf3D7_09_v3:1009063-1009755
1064,Pf3D7_09_v3:1010380-1011822
1065,Pf3D7_09_v3:1010380-1011822
1066,Pf3D7_09_v3:1010380-1011822
1067,Pf3D7_09_v3:1025493-1026353
1068,Pf3D7_09_v3:1025493-1026353
1069,Pf3D7_09_v3:1025493-1026353
1070,Pf3D7_09_v3:1027094-1027704
1071,Pf3D7_09_v3:1027094-1027704
1072,Pf3D7_09_v3:1027094-1027704
1073,Pf3D7_09_v3:1028661-1030010
1074,Pf3D7_09_v3:1063053-1063208
1075,Pf3D7_09_v3:1063053-1063208
1076,Pf3D7_09_v3:1063053-1063208
1077,Pf3D7_09_v3:1097324-1098240
1078,Pf3D7_09_v3:1097324-1098240
1079,Pf3D7_09_v3:1097324-1098240
1080,Pf3D7_09_v3:1099075-1099750
1081,Pf3D7_09_v3:1100253-1100831
1082,Pf3D7_09_v3:1120100-1121331
1083,Pf3D7_09_v3:1120100-1121331
1084,Pf3D7_09_v3:1120100-1121331
1085,Pf3D7_09_v3:1131074-1132135
1086,Pf3D7_09_v3:1146239-1147197
1087,Pf3D7_09_v3:1163570-1165475
1088,Pf3D7_09_v3:1167842-1169577
1089,Pf3D7_09_v3:1180983-1181996
1090,Pf3D7_09_v3:1186606-1186902
1091,Pf3D7_09_v3:1195693-1198462
1092,Pf3D7_09_v3:1263347-1264830
1093,Pf3D7_09_v3:1264999-1266015
1094,Pf3D7_09_v3:1268277-1269415
1095,Pf3D7_09_v3:1270155-1272656
1096,Pf3D7_09_v3:1273082-1273930
1097,Pf3D7_09_v3:1275268-1276484
1098,Pf3D7_09_v3:1278007-1278896
1099,Pf3D7_09_v3:1278007-1278896
1100,Pf3D7_09_v3:1278007-1278896
1101,Pf3D7_09_v3:1287008-1288372
1102,Pf3D7_09_v3:1317827-1319468
1103,Pf3D7_09_v3:1323893-1324699
1104,Pf3D7_09_v3:1331349-1332803
1105,Pf3D7_09_v3:1346858-1347295
1106,Pf3D7_09_v3:1346858-1347295
1107,Pf3D7_09_v3:1346858-1347295
1108,Pf3D7_09_v3:1348022-1348459
1109,Pf3D7_09_v3:1350836-1351929
1110,Pf3D7_09_v3:1364256-1365999
1111,Pf3D7_09_v3:1366569-1367150
1112,Pf3D7_09_v3:1367396-1367614
1113,Pf3D7_09_v3:1367396-1367614
1114,Pf3D7_09_v3:1367396-1367614
1115,Pf3D7_09_v3:1373018-1373722
1116,Pf3D7_09_v3:1373018-1373722
1117,Pf3D7_09_v3:1373018-1373722
1118,Pf3D7_09_v3:1430607-1431146
1119,Pf3D7_09_v3:1436687-1437981
1120,Pf3D7_09_v3:1440783-1441660
1121,Pf3D7_09_v3:1458392-1459862
1122,Pf3D7_09_v3:1458392-1459862
1123,Pf3D7_09_v3:1458392-1459862
1124,Pf3D7_09_v3:1492373-1493708
1125,Pf3D7_09_v3:1492373-1493708
1126,Pf3D7_09_v3:1492373-1493708
1127,Pf3D7_09_v3:1495579-1503336
1128,Pf3D7_09_v3:1495579-1503336
1129,Pf3D7_09_v3:1495579-1503336
1130,Pf3D7_10_v3:28490-36164
1131,Pf3D7_10_v3:28490-36164
1132,Pf3D7_10_v3:28490-36164
1133,Pf3D7_10_v3:63152-64032
1134,Pf3D7_10_v3:63152-64032
1135,Pf3D7_10_v3:63152-64032
1136,Pf3D7_10_v3:67807-68961
1137,Pf3D7_10_v3:67807-68961
1138,Pf3D7_10_v3:67807-68961
1139,Pf3D7_10_v3:70547-70819
1140,Pf3D7_10_v3:72934-73917
1141,Pf3D7_10_v3:92573-93526
1142,Pf3D7_10_v3:96113-97031
1143,Pf3D7_10_v3:112929-116015
1144,Pf3D7_10_v3:121115-123291
1145,Pf3D7_10_v3:123770-124882
1146,Pf3D7_10_v3:138765-139853
1147,Pf3D7_10_v3:138765-139853
1148,Pf3D7_10_v3:138765-139853
1149,Pf3D7_10_v3:147639-148239
1150,Pf3D7_10_v3:147639-148239
1151,Pf3D7_10_v3:147639-148239
1152,Pf3D7_10_v3:150416-150874
1153,Pf3D7_10_v3:160316-160962
1154,Pf3D7_10_v3:164945-165790
1155,Pf3D7_10_v3:179344-180226
1156,Pf3D7_10_v3:213986-214594
1157,Pf3D7_10_v3:213986-214594
1158,Pf3D7_10_v3:213986-214594
1159,Pf3D7_10_v3:220018-221353
1160,Pf3D7_10_v3:232422-232818
1161,Pf3D7_10_v3:234795-235745
1162,Pf3D7_10_v3:251579-252490
1163,Pf3D7_10_v3:256117-257699
1164,Pf3D7_10_v3:259060-260304
1165,Pf3D7_10_v3:262150-262997
1166,Pf3D7_10_v3:265750-266836
1167,Pf3D7_10_v3:277621-279168
1168,Pf3D7_10_v3:281459-283104
1169,Pf3D7_10_v3:281459-283104
1170,Pf3D7_10_v3:281459-283104
1171,Pf3D7_10_v3:286522-287473
1172,Pf3D7_10_v3:296906-297565
1173,Pf3D7_10_v3:298361-298687
1174,Pf3D7_10_v3:298361-298687
1175,Pf3D7_10_v3:298361-298687
1176,Pf3D7_10_v3:299280-299609
1177,Pf3D7_10_v3:347206-348667
1178,Pf3D7_10_v3:360625-362480
1179,Pf3D7_10_v3:360625-362480
1180,Pf3D7_10_v3:360625-362480
1181,Pf3D7_10_v3:369199-370225
1182,Pf3D7_10_v3:371293-372117
1183,Pf3D7_10_v3:389504-391165
1184,Pf3D7_10_v3:414732-415328
1185,Pf3D7_10_v3:414732-415328
1186,Pf3D7_10_v3:414732-415328
1187,Pf3D7_10_v3:415404-417471
1188,Pf3D7_10_v3:420185-421056
1189,Pf3D7_10_v3:424866-425765
1190,Pf3D7_10_v3:429204-430140
1191,Pf3D7_10_v3:436958-437708
1192,Pf3D7_10_v3:449154-450323
1193,Pf3D7_10_v3:460335-461993
1194,Pf3D7_10_v3:468071-469536
1195,Pf3D7_10_v3:472546-473386
1196,Pf3D7_10_v3:475327-476563
1197,Pf3D7_10_v3:496331-497573
1198,Pf3D7_10_v3:574129-575103
1199,Pf3D7_10_v3:595308-596222
1200,Pf3D7_10_v3:611213-612199
1201,Pf3D7_10_v3:650898-653567
1202,Pf3D7_10_v3:665658-666654
1203,Pf3D7_10_v3:675293-676417
1204,Pf3D7_10_v3:682182-682508
1205,Pf3D7_10_v3:689888-690820
1206,Pf3D7_10_v3:692426-694218
1207,Pf3D7_10_v3:701746-702422
1208,Pf3D7_10_v3:734722-735738
1209,Pf3D7_10_v3:734722-735738
1210,Pf3D7_10_v3:734722-735738
1211,Pf3D7_10_v3:735921-736813
1212,Pf3D7_10_v3:773531-774490
1213,Pf3D7_10_v3:786503-787008
1214,Pf3D7_10_v3:808618-808992
1215,Pf3D7_10_v3:814352-814957
1216,Pf3D7_10_v3:814352-814957
1217,Pf3D7_10_v3:814352-814957
1218,Pf3D7_10_v3:845086-846192
1219,Pf3D7_10_v3:845086-846192
1220,Pf3D7_10_v3:845086-846192
1221,Pf3D7_10_v3:860960-862449
1222,Pf3D7_10_v3:867635-869677
1223,Pf3D7_10_v3:871095-871886
1224,Pf3D7_10_v3:871095-871886
1225,Pf3D7_10_v3:871095-871886
1226,Pf3D7_10_v3:925280-926230
1227,Pf3D7_10_v3:958939-959896
1228,Pf3D7_10_v3:958939-959896
1229,Pf3D7_10_v3:958939-959896
1230,Pf3D7_10_v3:984228-985330
1231,Pf3D7_10_v3:987017-987310
1232,Pf3D7_10_v3:987358-990148
1233,Pf3D7_10_v3:1022505-1022897
1234,Pf3D7_10_v3:1022505-1022897
1235,Pf3D7_10_v3:1022505-1022897
1236,Pf3D7_10_v3:1026120-1026914
1237,Pf3D7_10_v3:1027128-1029367
1238,Pf3D7_10_v3:1088214-1088417
1239,Pf3D7_10_v3:1088931-1089494
1240,Pf3D7_10_v3:1089997-1090538
1241,Pf3D7_10_v3:1101818-1103158
1242,Pf3D7_10_v3:1101818-1103158
1243,Pf3D7_10_v3:1101818-1103158
1244,Pf3D7_10_v3:1112423-1112635
1245,Pf3D7_10_v3:1122962-1124037
1246,Pf3D7_10_v3:1140589-1142602
1247,Pf3D7_10_v3:1145823-1146795
1248,Pf3D7_10_v3:1147866-1148213
1249,Pf3D7_10_v3:1147866-1148213
1250,Pf3D7_10_v3:1147866-1148213
1251,Pf3D7_10_v3:1150663-1151853
1252,Pf3D7_10_v3:1150663-1151853
1253,Pf3D7_10_v3:1150663-1151853
1254,Pf3D7_10_v3:1153271-1154431
1255,Pf3D7_10_v3:1168010-1168957
1256,Pf3D7_10_v3:1169940-1171391
1257,Pf3D7_10_v3:1176461-1177849
1258,Pf3D7_10_v3:1183487-1183995
1259,Pf3D7_10_v3:1204346-1204762
1260,Pf3D7_10_v3:1206302-1207405
1261,Pf3D7_10_v3:1211658-1212971
1262,Pf3D7_10_v3:1223375-1224167
1263,Pf3D7_10_v3:1223375-1224167
1264,Pf3D7_10_v3:1223375-1224167
1265,Pf3D7_10_v3:1230561-1231913
1266,Pf3D7_10_v3:1248533-1249306
1267,Pf3D7_10_v3:1250045-1250683
1268,Pf3D7_10_v3:1251151-1251807
1269,Pf3D7_10_v3:1253417-1254070
1270,Pf3D7_10_v3:1254843-1255586
1271,Pf3D7_10_v3:1257384-1258478
1272,Pf3D7_10_v3:1281252-1281989
1273,Pf3D7_10_v3:1281252-1281989
1274,Pf3D7_10_v3:1281252-1281989
1275,Pf3D7_10_v3:1282405-1284057
1276,Pf3D7_10_v3:1284588-1287287
1277,Pf3D7_10_v3:1298327-1299141
1278,Pf3D7_10_v3:1302594-1304881
1279,Pf3D7_10_v3:1338124-1338818
1280,Pf3D7_10_v3:1338124-1338818
1281,Pf3D7_10_v3:1338124-1338818
1282,Pf3D7_10_v3:1339762-1340628
1283,Pf3D7_10_v3:1354454-1355571
1284,Pf3D7_10_v3:1363474-1364118
1285,Pf3D7_10_v3:1378759-1379295
1286,Pf3D7_10_v3:1444441-1445529
1287,Pf3D7_10_v3:1445916-1447495
1288,Pf3D7_10_v3:1477940-1478845
1289,Pf3D7_10_v3:1495973-1496658
1290,Pf3D7_10_v3:1495973-1496658
1291,Pf3D7_10_v3:1495973-1496658
1292,Pf3D7_10_v3:1505835-1506896
1293,Pf3D7_10_v3:1511342-1511835
1294,Pf3D7_10_v3:1511342-1511835
1295,Pf3D7_10_v3:1511342-1511835
1296,Pf3D7_10_v3:1591578-1592367
1297,Pf3D7_10_v3:1591578-1592367
1298,Pf3D7_10_v3:1591578-1592367
1299,Pf3D7_10_v3:1596487-1597605
1300,Pf3D7_10_v3:1596487-1597605
1301,Pf3D7_10_v3:1596487-1597605
1302,Pf3D7_10_v3:1639171-1640518
1303,Pf3D7_10_v3:1639171-1640518
1304,Pf3D7_10_v3:1639171-1640518
1305,Pf3D7_10_v3:1642401-1649948
1306,Pf3D7_10_v3:1642401-1649948
1307,Pf3D7_10_v3:1642401-1649948
1308,Pf3D7_11_v3:24160-31598
1309,Pf3D7_11_v3:24160-31598
1310,Pf3D7_11_v3:24160-31598
1311,Pf3D7_11_v3:32666-42386
1312,Pf3D7_11_v3:32666-42386
1313,Pf3D7_11_v3:32666-42386
1314,Pf3D7_11_v3:59550-60328
1315,Pf3D7_11_v3:59550-60328
1316,Pf3D7_11_v3:59550-60328
1317,Pf3D7_11_v3:85629-86418
1318,Pf3D7_11_v3:85629-86418
1319,Pf3D7_11_v3:85629-86418
1320,Pf3D7_11_v3:110027-111429
1321,Pf3D7_11_v3:131703-131987
1322,Pf3D7_11_v3:140048-140801
1323,Pf3D7_11_v3:140048-140801
1324,Pf3D7_11_v3:140048-140801
1325,Pf3D7_11_v3:204593-205794
1326,Pf3D7_11_v3:207440-209732
1327,Pf3D7_11_v3:221818-222129
1328,Pf3D7_11_v3:221818-222129
1329,Pf3D7_11_v3:221818-222129
1330,Pf3D7_11_v3:226065-226418
1331,Pf3D7_11_v3:226065-226418
1332,Pf3D7_11_v3:226065-226418
1333,Pf3D7_11_v3:235597-237097
1334,Pf3D7_11_v3:239687-240613
1335,Pf3D7_11_v3:250918-252872
1336,Pf3D7_11_v3:250918-252872
1337,Pf3D7_11_v3:250918-252872
1338,Pf3D7_11_v3:267547-267897
1339,Pf3D7_11_v3:289667-290286
1340,Pf3D7_11_v3:361408-361902
1341,Pf3D7_11_v3:362421-362887
1342,Pf3D7_11_v3:362421-362887
1343,Pf3D7_11_v3:362421-362887
1344,Pf3D7_11_v3:365093-366100
1345,Pf3D7_11_v3:369675-370706
1346,Pf3D7_11_v3:373238-374860
1347,Pf3D7_11_v3:397124-397775
1348,Pf3D7_11_v3:398659-399226
1349,Pf3D7_11_v3:410202-411355
1350,Pf3D7_11_v3:425904-426864
1351,Pf3D7_11_v3:430157-431476
1352,Pf3D7_11_v3:437171-438220
1353,Pf3D7_11_v3:445233-445799
1354,Pf3D7_11_v3:445233-445799
1355,Pf3D7_11_v3:445233-445799
1356,Pf3D7_11_v3:446020-446559
1357,Pf3D7_11_v3:452459-454861
1358,Pf3D7_11_v3:459776-460620
1359,Pf3D7_11_v3:470541-471608
1360,Pf3D7_11_v3:470541-471608
1361,Pf3D7_11_v3:470541-471608
1362,Pf3D7_11_v3:487822-490154
1363,Pf3D7_11_v3:511105-511761
1364,Pf3D7_11_v3:517311-517985
1365,Pf3D7_11_v3:531177-533285
1366,Pf3D7_11_v3:537647-538297
1367,Pf3D7_11_v3:539903-541387
1368,Pf3D7_11_v3:542330-544765
1369,Pf3D7_11_v3:552259-553266
1370,Pf3D7_11_v3:570017-570714
1371,Pf3D7_11_v3:570017-570714
1372,Pf3D7_11_v3:570017-570714
1373,Pf3D7_11_v3:581250-582698
1374,Pf3D7_11_v3:588169-589400
1375,Pf3D7_11_v3:596289-597203
1376,Pf3D7_11_v3:615744-617186
1377,Pf3D7_11_v3:618312-619778
1378,Pf3D7_11_v3:619893-621350
1379,Pf3D7_11_v3:624370-625737
1380,Pf3D7_11_v3:644100-645537
1381,Pf3D7_11_v3:662000-662386
1382,Pf3D7_11_v3:662000-662386
1383,Pf3D7_11_v3:662000-662386
1384,Pf3D7_11_v3:668368-669491
1385,Pf3D7_11_v3:670711-671515
1386,Pf3D7_11_v3:683860-684616
1387,Pf3D7_11_v3:687235-687781
1388,Pf3D7_11_v3:699869-700789
1389,Pf3D7_11_v3:718650-719765
1390,Pf3D7_11_v3:722717-723289
1391,Pf3D7_11_v3:724855-725739
1392,Pf3D7_11_v3:746854-747456
1393,Pf3D7_11_v3:761695-762818
1394,Pf3D7_11_v3:765033-765625
1395,Pf3D7_11_v3:765033-765625
1396,Pf3D7_11_v3:765033-765625
1397,Pf3D7_11_v3:769252-770600
1398,Pf3D7_11_v3:790011-790262
1399,Pf3D7_11_v3:790011-790262
1400,Pf3D7_11_v3:790011-790262
1401,Pf3D7_11_v3:790267-790608
1402,Pf3D7_11_v3:792197-793945
1403,Pf3D7_11_v3:792197-793945
1404,Pf3D7_11_v3:792197-793945
1405,Pf3D7_11_v3:800781-801458
1406,Pf3D7_11_v3:815386-816322
1407,Pf3D7_11_v3:868388-869152
1408,Pf3D7_11_v3:938950-939612
1409,Pf3D7_11_v3:938950-939612
1410,Pf3D7_11_v3:938950-939612
1411,Pf3D7_11_v3:945470-946148
1412,Pf3D7_11_v3:964675-965360
1413,Pf3D7_11_v3:970105-971376
1414,Pf3D7_11_v3:983951-985619
1415,Pf3D7_11_v3:989159-990301
1416,Pf3D7_11_v3:997923-999547
1417,Pf3D7_11_v3:1001182-1001562
1418,Pf3D7_11_v3:1003226-1003694
1419,Pf3D7_11_v3:1013466-1013747
1420,Pf3D7_11_v3:1023790-1024496
1421,Pf3D7_11_v3:1053642-1054333
1422,Pf3D7_11_v3:1060262-1060783
1423,Pf3D7_11_v3:1065785-1066569
1424,Pf3D7_11_v3:1071752-1073813
1425,Pf3D7_11_v3:1094909-1095931
1426,Pf3D7_11_v3:1149976-1150518
1427,Pf3D7_11_v3:1152379-1153227
1428,Pf3D7_11_v3:1163094-1163357
1429,Pf3D7_11_v3:1165221-1166171
1430,Pf3D7_11_v3:1168879-1170198
1431,Pf3D7_11_v3:1199253-1201805
1432,Pf3D7_11_v3:1201922-1203619
1433,Pf3D7_11_v3:1210686-1211456
1434,Pf3D7_11_v3:1253073-1253894
1435,Pf3D7_11_v3:1253073-1253894
1436,Pf3D7_11_v3:1253073-1253894
1437,Pf3D7_11_v3:1268455-1269456
1438,Pf3D7_11_v3:1271204-1271980
1439,Pf3D7_11_v3:1273407-1274009
1440,Pf3D7_11_v3:1275574-1275663
1441,Pf3D7_11_v3:1290501-1291601
1442,Pf3D7_11_v3:1290501-1291601
1443,Pf3D7_11_v3:1290501-1291601
1444,Pf3D7_11_v3:1323043-1324314
1445,Pf3D7_11_v3:1340486-1341680
1446,Pf3D7_11_v3:1367186-1368809
1447,Pf3D7_11_v3:1372311-1373859
1448,Pf3D7_11_v3:1381015-1382244
1449,Pf3D7_11_v3:1384378-1385115
1450,Pf3D7_11_v3:1396433-1396764
1451,Pf3D7_11_v3:1396433-1396764
1452,Pf3D7_11_v3:1396433-1396764
1453,Pf3D7_11_v3:1398486-1400601
1454,Pf3D7_11_v3:1431881-1435170
1455,Pf3D7_11_v3:1431881-1435170
1456,Pf3D7_11_v3:1431881-1435170
1457,Pf3D7_11_v3:1449690-1451450
1458,Pf3D7_11_v3:1473505-1474116
1459,Pf3D7_11_v3:1593966-1594951
1460,Pf3D7_11_v3:1598550-1599632
1461,Pf3D7_11_v3:1608006-1608609
1462,Pf3D7_11_v3:1668302-1669081
1463,Pf3D7_11_v3:1702089-1703642
1464,Pf3D7_11_v3:1705696-1706573
1465,Pf3D7_11_v3:1708066-1708679
1466,Pf3D7_11_v3:1729793-1730899
1467,Pf3D7_11_v3:1731899-1732900
1468,Pf3D7_11_v3:1735126-1736572
1469,Pf3D7_11_v3:1755438-1755935
1470,Pf3D7_11_v3:1755438-1755935
1471,Pf3D7_11_v3:1755438-1755935
1472,Pf3D7_11_v3:1756557-1757182
1473,Pf3D7_11_v3:1756557-1757182
1474,Pf3D7_11_v3:1756557-1757182
1475,Pf3D7_11_v3:1759257-1759922
1476,Pf3D7_11_v3:1759257-1759922
1477,Pf3D7_11_v3:1759257-1759922
1478,Pf3D7_11_v3:1777525-1778928
1479,Pf3D7_11_v3:1798776-1799670
1480,Pf3D7_11_v3:1828240-1829054
1481,Pf3D7_11_v3:1856390-1857656
1482,Pf3D7_11_v3:1870415-1871077
1483,Pf3D7_11_v3:1897204-1897884
1484,Pf3D7_11_v3:1907055-1907708
1485,Pf3D7_11_v3:1934333-1935582
1486,Pf3D7_11_v3:1972400-1973874
1487,Pf3D7_11_v3:1976407-1979804
1488,Pf3D7_12_v3:16973-24497
1489,Pf3D7_12_v3:16973-24497
1490,Pf3D7_12_v3:16973-24497
1491,Pf3D7_12_v3:32703-41940
1492,Pf3D7_12_v3:32703-41940
1493,Pf3D7_12_v3:32703-41940
1494,Pf3D7_12_v3:43800-45106
1495,Pf3D7_12_v3:43800-45106
1496,Pf3D7_12_v3:43800-45106
1497,Pf3D7_12_v3:46788-56805
1498,Pf3D7_12_v3:46788-56805
1499,Pf3D7_12_v3:46788-56805
1500,Pf3D7_12_v3:89934-90749
1501,Pf3D7_12_v3:92242-92562
1502,Pf3D7_12_v3:101581-102624
1503,Pf3D7_12_v3:107338-108202
1504,Pf3D7_12_v3:109247-112758
1505,Pf3D7_12_v3:116475-117449
1506,Pf3D7_12_v3:160716-161255
1507,Pf3D7_12_v3:162429-162722
1508,Pf3D7_12_v3:187146-188842
1509,Pf3D7_12_v3:194144-195462
1510,Pf3D7_12_v3:205491-205976
1511,Pf3D7_12_v3:214834-215695
1512,Pf3D7_12_v3:217184-218239
1513,Pf3D7_12_v3:222695-224991
1514,Pf3D7_12_v3:270300-271214
1515,Pf3D7_12_v3:301129-302826
1516,Pf3D7_12_v3:308214-310397
1517,Pf3D7_12_v3:343326-344361
1518,Pf3D7_12_v3:348274-349100
1519,Pf3D7_12_v3:359995-360499
1520,Pf3D7_12_v3:403350-404814
1521,Pf3D7_12_v3:421371-422201
1522,Pf3D7_12_v3:421371-422201
1523,Pf3D7_12_v3:421371-422201
1524,Pf3D7_12_v3:423462-426011
1525,Pf3D7_12_v3:427272-427978
1526,Pf3D7_12_v3:427272-427978
1527,Pf3D7_12_v3:427272-427978
1528,Pf3D7_12_v3:445625-447268
1529,Pf3D7_12_v3:445625-447268
1530,Pf3D7_12_v3:445625-447268
1531,Pf3D7_12_v3:455304-456236
1532,Pf3D7_12_v3:465115-465744
1533,Pf3D7_12_v3:480593-482806
1534,Pf3D7_12_v3:505344-506662
1535,Pf3D7_12_v3:507808-508971
1536,Pf3D7_12_v3:526109-527780
1537,Pf3D7_12_v3:534912-535915
1538,Pf3D7_12_v3:534912-535915
1539,Pf3D7_12_v3:534912-535915
1540,Pf3D7_12_v3:552102-553853
1541,Pf3D7_12_v3:555820-556762
1542,Pf3D7_12_v3:555820-556762
1543,Pf3D7_12_v3:555820-556762
1544,Pf3D7_12_v3:565966-566931
1545,Pf3D7_12_v3:586809-587090
1546,Pf3D7_12_v3:586809-587090
1547,Pf3D7_12_v3:586809-587090
1548,Pf3D7_12_v3:588128-588982
1549,Pf3D7_12_v3:600954-601564
1550,Pf3D7_12_v3:610271-610769
1551,Pf3D7_12_v3:616782-617387
1552,Pf3D7_12_v3:621125-621775
1553,Pf3D7_12_v3:629009-629667
1554,Pf3D7_12_v3:633892-634545
1555,Pf3D7_12_v3:633892-634545
1556,Pf3D7_12_v3:633892-634545
1557,Pf3D7_12_v3:651398-651856
1558,Pf3D7_12_v3:675456-677576
1559,Pf3D7_12_v3:693067-693711
1560,Pf3D7_12_v3:698771-699013
1561,Pf3D7_12_v3:703895-704953
1562,Pf3D7_12_v3:720886-723448
1563,Pf3D7_12_v3:766654-774197
1564,Pf3D7_12_v3:766654-774197
1565,Pf3D7_12_v3:766654-774197
1566,Pf3D7_12_v3:795157-795318
1567,Pf3D7_12_v3:795157-795318
1568,Pf3D7_12_v3:795157-795318
1569,Pf3D7_12_v3:796500-797183
1570,Pf3D7_12_v3:818703-819659
1571,Pf3D7_12_v3:831252-832052
1572,Pf3D7_12_v3:849840-850652
1573,Pf3D7_12_v3:879630-881186
1574,Pf3D7_12_v3:883567-886032
1575,Pf3D7_12_v3:899198-901076
1576,Pf3D7_12_v3:918722-919336
1577,Pf3D7_12_v3:918722-919336
1578,Pf3D7_12_v3:918722-919336
1579,Pf3D7_12_v3:925375-926249
1580,Pf3D7_12_v3:927825-929991
1581,Pf3D7_12_v3:968980-970073
1582,Pf3D7_12_v3:968980-970073
1583,Pf3D7_12_v3:968980-970073
1584,Pf3D7_12_v3:972710-973393
1585,Pf3D7_12_v3:976820-977889
1586,Pf3D7_12_v3:976820-977889
1587,Pf3D7_12_v3:976820-977889
1588,Pf3D7_12_v3:998353-999275
1589,Pf3D7_12_v3:1010832-1011342
1590,Pf3D7_12_v3:1010832-1011342
1591,Pf3D7_12_v3:1010832-1011342
1592,Pf3D7_12_v3:1059718-1061469
1593,Pf3D7_12_v3:1077868-1078776
1594,Pf3D7_12_v3:1085387-1087264
1595,Pf3D7_12_v3:1092160-1092651
1596,Pf3D7_12_v3:1140943-1141386
1597,Pf3D7_12_v3:1208912-1209542
1598,Pf3D7_12_v3:1208912-1209542
1599,Pf3D7_12_v3:1208912-1209542
1600,Pf3D7_12_v3:1218181-1218766
1601,Pf3D7_12_v3:1251914-1253067
1602,Pf3D7_12_v3:1276257-1277734
1603,Pf3D7_12_v3:1299608-1300027
1604,Pf3D7_12_v3:1299608-1300027
1605,Pf3D7_12_v3:1299608-1300027
1606,Pf3D7_12_v3:1306524-1306968
1607,Pf3D7_12_v3:1337710-1338816
1608,Pf3D7_12_v3:1350645-1351283
1609,Pf3D7_12_v3:1350645-1351283
1610,Pf3D7_12_v3:1350645-1351283
1611,Pf3D7_12_v3:1351482-1354104
1612,Pf3D7_12_v3:1359169-1359576
1613,Pf3D7_12_v3:1359169-1359576
1614,Pf3D7_12_v3:1359169-1359576
1615,Pf3D7_12_v3:1405182-1405968
1616,Pf3D7_12_v3:1458233-1459182
1617,Pf3D7_12_v3:1458233-1459182
1618,Pf3D7_12_v3:1458233-1459182
1619,Pf3D7_12_v3:1462209-1462602
1620,Pf3D7_12_v3:1462209-1462602
1621,Pf3D7_12_v3:1462209-1462602
1622,Pf3D7_12_v3:1487084-1488691
1623,Pf3D7_12_v3:1506932-1508269
1624,Pf3D7_12_v3:1572371-1573557
1625,Pf3D7_12_v3:1581984-1582987
1626,Pf3D7_12_v3:1592402-1593632
1627,Pf3D7_12_v3:1601515-1602696
1628,Pf3D7_12_v3:1601515-1602696
1629,Pf3D7_12_v3:1601515-1602696
1630,Pf3D7_12_v3:1615323-1616852
1631,Pf3D7_12_v3:1626773-1627928
1632,Pf3D7_12_v3:1646612-1647151
1633,Pf3D7_12_v3:1646612-1647151
1634,Pf3D7_12_v3:1646612-1647151
1635,Pf3D7_12_v3:1694150-1703087
1636,Pf3D7_12_v3:1694150-1703087
1637,Pf3D7_12_v3:1694150-1703087
1638,Pf3D7_12_v3:1704512-1712490
1639,Pf3D7_12_v3:1704512-1712490
1640,Pf3D7_12_v3:1704512-1712490
1641,Pf3D7_12_v3:1719574-1727456
1642,Pf3D7_12_v3:1719574-1727456
1643,Pf3D7_12_v3:1719574-1727456
1644,Pf3D7_12_v3:1735543-1743408
1645,Pf3D7_12_v3:1735543-1743408
1646,Pf3D7_12_v3:1735543-1743408
1647,Pf3D7_12_v3:1771996-1773258
1648,Pf3D7_12_v3:1778154-1779411
1649,Pf3D7_12_v3:1790557-1790763
1650,Pf3D7_12_v3:1790557-1790763
1651,Pf3D7_12_v3:1790557-1790763
1652,Pf3D7_12_v3:1793532-1794835
1653,Pf3D7_12_v3:1800562-1802310
1654,Pf3D7_12_v3:1803653-1804483
1655,Pf3D7_12_v3:1805380-1807356
1656,Pf3D7_12_v3:1808878-1809622
1657,Pf3D7_12_v3:1808878-1809622
1658,Pf3D7_12_v3:1808878-1809622
1659,Pf3D7_12_v3:1811790-1812698
1660,Pf3D7_12_v3:1813507-1814235
1661,Pf3D7_12_v3:1816069-1816448
1662,Pf3D7_12_v3:1820881-1822595
1663,Pf3D7_12_v3:1825959-1826884
1664,Pf3D7_12_v3:1829660-1831057
1665,Pf3D7_12_v3:1868533-1869531
1666,Pf3D7_12_v3:1868533-1869531
1667,Pf3D7_12_v3:1868533-1869531
1668,Pf3D7_12_v3:1871919-1872911
1669,Pf3D7_12_v3:1871919-1872911
1670,Pf3D7_12_v3:1871919-1872911
1671,Pf3D7_12_v3:1893069-1893903
1672,Pf3D7_12_v3:1893069-1893903
1673,Pf3D7_12_v3:1893069-1893903
1674,Pf3D7_12_v3:1894942-1895967
1675,Pf3D7_12_v3:1920784-1921914
1676,Pf3D7_12_v3:1931970-1932584
1677,Pf3D7_12_v3:1931970-1932584
1678,Pf3D7_12_v3:1931970-1932584
1679,Pf3D7_12_v3:1946914-1948733
1680,Pf3D7_12_v3:1955124-1956038
1681,Pf3D7_12_v3:1955124-1956038
1682,Pf3D7_12_v3:1955124-1956038
1683,Pf3D7_12_v3:1972438-1973076
1684,Pf3D7_12_v3:1972438-1973076
1685,Pf3D7_12_v3:1972438-1973076
1686,Pf3D7_12_v3:1973584-1974246
1687,Pf3D7_12_v3:1979786-1980199
1688,Pf3D7_12_v3:1979786-1980199
1689,Pf3D7_12_v3:1979786-1980199
1690,Pf3D7_12_v3:1983480-1984349
1691,Pf3D7_12_v3:2010428-2011101
1692,Pf3D7_12_v3:2016325-2016756
1693,Pf3D7_12_v3:2044120-2044626
1694,Pf3D7_12_v3:2064987-2066040
1695,Pf3D7_12_v3:2070094-2071073
1696,Pf3D7_12_v3:2075792-2076517
1697,Pf3D7_12_v3:2089484-2090220
1698,Pf3D7_12_v3:2095062-2096508
1699,Pf3D7_12_v3:2095062-2096508
1700,Pf3D7_12_v3:2095062-2096508
1701,Pf3D7_12_v3:2097436-2098845
1702,Pf3D7_12_v3:2128400-2128786
1703,Pf3D7_12_v3:2145266-2146616
1704,Pf3D7_12_v3:2154618-2156124
1705,Pf3D7_12_v3:2168181-2169759
1706,Pf3D7_12_v3:2168181-2169759
1707,Pf3D7_12_v3:2168181-2169759
1708,Pf3D7_12_v3:2171342-2172349
1709,Pf3D7_12_v3:2171342-2172349
1710,Pf3D7_12_v3:2171342-2172349
1711,Pf3D7_12_v3:2180419-2182869
1712,Pf3D7_12_v3:2180419-2182869
1713,Pf3D7_12_v3:2180419-2182869
1714,Pf3D7_12_v3:2207830-2209115
1715,Pf3D7_12_v3:2207830-2209115
1716,Pf3D7_12_v3:2207830-2209115
1717,Pf3D7_12_v3:2238210-2239417
1718,Pf3D7_12_v3:2238210-2239417
1719,Pf3D7_12_v3:2238210-2239417
1720,Pf3D7_12_v3:2241271-2248962
1721,Pf3D7_12_v3:2241271-2248962
1722,Pf3D7_12_v3:2241271-2248962
1723,Pf3D7_13_v3:21364-28787
1724,Pf3D7_13_v3:21364-28787
1725,Pf3D7_13_v3:21364-28787
1726,Pf3D7_13_v3:30605-31881
1727,Pf3D7_13_v3:30605-31881
1728,Pf3D7_13_v3:30605-31881
1729,Pf3D7_13_v3:33959-44742
1730,Pf3D7_13_v3:33959-44742
1731,Pf3D7_13_v3:33959-44742
1732,Pf3D7_13_v3:54067-55259
1733,Pf3D7_13_v3:54067-55259
1734,Pf3D7_13_v3:54067-55259
1735,Pf3D7_13_v3:109695-110268
1736,Pf3D7_13_v3:112792-113815
1737,Pf3D7_13_v3:126611-127141
1738,Pf3D7_13_v3:129717-131086
1739,Pf3D7_13_v3:129717-131086
1740,Pf3D7_13_v3:129717-131086
1741,Pf3D7_13_v3:150783-151635
1742,Pf3D7_13_v3:158144-158778
1743,Pf3D7_13_v3:160488-161660
1744,Pf3D7_13_v3:160488-161660
1745,Pf3D7_13_v3:160488-161660
1746,Pf3D7_13_v3:178783-179353
1747,Pf3D7_13_v3:178783-179353
1748,Pf3D7_13_v3:178783-179353
1749,Pf3D7_13_v3:215291-216331
1750,Pf3D7_13_v3:245199-246175
1751,Pf3D7_13_v3:288163-288561
1752,Pf3D7_13_v3:297178-298359
1753,Pf3D7_13_v3:338189-338455
1754,Pf3D7_13_v3:348743-350788
1755,Pf3D7_13_v3:360169-360627
1756,Pf3D7_13_v3:372260-372646
1757,Pf3D7_13_v3:372260-372646
1758,Pf3D7_13_v3:372260-372646
1759,Pf3D7_13_v3:415916-416998
1760,Pf3D7_13_v3:418820-420121
1761,Pf3D7_13_v3:438510-439376
1762,Pf3D7_13_v3:447424-448101
1763,Pf3D7_13_v3:448907-449668
1764,Pf3D7_13_v3:454061-454636
1765,Pf3D7_13_v3:465091-466552
1766,Pf3D7_13_v3:468232-468663
1767,Pf3D7_13_v3:468232-468663
1768,Pf3D7_13_v3:468232-468663
1769,Pf3D7_13_v3:487511-488824
1770,Pf3D7_13_v3:489927-491609
1771,Pf3D7_13_v3:497534-498013
1772,Pf3D7_13_v3:526863-527060
1773,Pf3D7_13_v3:526863-527060
1774,Pf3D7_13_v3:526863-527060
1775,Pf3D7_13_v3:553752-554251
1776,Pf3D7_13_v3:568664-569535
1777,Pf3D7_13_v3:621387-621876
1778,Pf3D7_13_v3:629766-630444
1779,Pf3D7_13_v3:647986-650511
1780,Pf3D7_13_v3:652794-653838
1781,Pf3D7_13_v3:655207-657259
1782,Pf3D7_13_v3:701047-703923
1783,Pf3D7_13_v3:730859-732293
1784,Pf3D7_13_v3:733245-733862
1785,Pf3D7_13_v3:734604-734873
1786,Pf3D7_13_v3:734604-734873
1787,Pf3D7_13_v3:734604-734873
1788,Pf3D7_13_v3:738480-738953
1789,Pf3D7_13_v3:740527-741454
1790,Pf3D7_13_v3:745947-746525
1791,Pf3D7_13_v3:745947-746525
1792,Pf3D7_13_v3:745947-746525
1793,Pf3D7_13_v3:774790-776745
1794,Pf3D7_13_v3:834180-835308
1795,Pf3D7_13_v3:847090-848383
1796,Pf3D7_13_v3:847090-848383
1797,Pf3D7_13_v3:847090-848383
1798,Pf3D7_13_v3:857147-857944
1799,Pf3D7_13_v3:875265-875847
1800,Pf3D7_13_v3:875265-875847
1801,Pf3D7_13_v3:875265-875847
1802,Pf3D7_13_v3:887271-889699
1803,Pf3D7_13_v3:908503-909639
1804,Pf3D7_13_v3:908503-909639
1805,Pf3D7_13_v3:908503-909639
1806,Pf3D7_13_v3:960166-960646
1807,Pf3D7_13_v3:960166-960646
1808,Pf3D7_13_v3:960166-960646
1809,Pf3D7_13_v3:963661-964690
1810,Pf3D7_13_v3:965486-966280
1811,Pf3D7_13_v3:965486-966280
1812,Pf3D7_13_v3:965486-966280
1813,Pf3D7_13_v3:968110-968798
1814,Pf3D7_13_v3:968110-968798
1815,Pf3D7_13_v3:968110-968798
1816,Pf3D7_13_v3:971847-973036
1817,Pf3D7_13_v3:982611-983801
1818,Pf3D7_13_v3:1021509-1022537
1819,Pf3D7_13_v3:1034900-1035637
1820,Pf3D7_13_v3:1044552-1045865
1821,Pf3D7_13_v3:1047848-1049359
1822,Pf3D7_13_v3:1050915-1051319
1823,Pf3D7_13_v3:1050915-1051319
1824,Pf3D7_13_v3:1050915-1051319
1825,Pf3D7_13_v3:1068050-1068635
1826,Pf3D7_13_v3:1068050-1068635
1827,Pf3D7_13_v3:1068050-1068635
1828,Pf3D7_13_v3:1087584-1089099
1829,Pf3D7_13_v3:1127436-1128761
1830,Pf3D7_13_v3:1159366-1159980
1831,Pf3D7_13_v3:1159366-1159980
1832,Pf3D7_13_v3:1159366-1159980
1833,Pf3D7_13_v3:1165307-1166558
1834,Pf3D7_13_v3:1184208-1185020
1835,Pf3D7_13_v3:1196229-1197509
1836,Pf3D7_13_v3:1209744-1211772
1837,Pf3D7_13_v3:1258956-1259861
1838,Pf3D7_13_v3:1272213-1273859
1839,Pf3D7_13_v3:1272213-1273859
1840,Pf3D7_13_v3:1272213-1273859
1841,Pf3D7_13_v3:1274448-1275008
1842,Pf3D7_13_v3:1274448-1275008
1843,Pf3D7_13_v3:1274448-1275008
1844,Pf3D7_13_v3:1279800-1281285
1845,Pf3D7_13_v3:1287891-1289408
1846,Pf3D7_13_v3:1309177-1310006
1847,Pf3D7_13_v3:1316496-1317806
1848,Pf3D7_13_v3:1324012-1324802
1849,Pf3D7_13_v3:1325913-1327532
1850,Pf3D7_13_v3:1336401-1336892
1851,Pf3D7_13_v3:1348779-1349522
1852,Pf3D7_13_v3:1348779-1349522
1853,Pf3D7_13_v3:1348779-1349522
1854,Pf3D7_13_v3:1368081-1368716
1855,Pf3D7_13_v3:1379109-1379621
1856,Pf3D7_13_v3:1379109-1379621
1857,Pf3D7_13_v3:1379109-1379621
1858,Pf3D7_13_v3:1400897-1402276
1859,Pf3D7_13_v3:1405731-1407512
1860,Pf3D7_13_v3:1411100-1411708
1861,Pf3D7_13_v3:1413102-1413947
1862,Pf3D7_13_v3:1419086-1420141
1863,Pf3D7_13_v3:1440779-1450385
1864,Pf3D7_13_v3:1462180-1463991
1865,Pf3D7_13_v3:1472183-1473114
1866,Pf3D7_13_v3:1472183-1473114
1867,Pf3D7_13_v3:1472183-1473114
1868,Pf3D7_13_v3:1477961-1480024
1869,Pf3D7_13_v3:1480954-1481702
1870,Pf3D7_13_v3:1482361-1482837
1871,Pf3D7_13_v3:1536463-1540353
1872,Pf3D7_13_v3:1545070-1545735
1873,Pf3D7_13_v3:1583226-1584053
1874,Pf3D7_13_v3:1585806-1586399
1875,Pf3D7_13_v3:1587028-1587874
1876,Pf3D7_13_v3:1597400-1597618
1877,Pf3D7_13_v3:1597400-1597618
1878,Pf3D7_13_v3:1597400-1597618
1879,Pf3D7_13_v3:1621292-1622718
1880,Pf3D7_13_v3:1624054-1624490
1881,Pf3D7_13_v3:1633860-1634530
1882,Pf3D7_13_v3:1636556-1637833
1883,Pf3D7_13_v3:1636556-1637833
1884,Pf3D7_13_v3:1636556-1637833
1885,Pf3D7_13_v3:1645066-1645666
1886,Pf3D7_13_v3:1649113-1650649
1887,Pf3D7_13_v3:1653211-1654131
1888,Pf3D7_13_v3:1677540-1677917
1889,Pf3D7_13_v3:1677540-1677917
1890,Pf3D7_13_v3:1677540-1677917
1891,Pf3D7_13_v3:1696894-1698113
1892,Pf3D7_13_v3:1699683-1700630
1893,Pf3D7_13_v3:1720319-1721672
1894,Pf3D7_13_v3:1807159-1809617
1895,Pf3D7_13_v3:1809736-1810521
1896,Pf3D7_13_v3:1815075-1815548
1897,Pf3D7_13_v3:1815075-1815548
1898,Pf3D7_13_v3:1815075-1815548
1899,Pf3D7_13_v3:1823190-1824026
1900,Pf3D7_13_v3:1835511-1836799
1901,Pf3D7_13_v3:1843376-1844897
1902,Pf3D7_13_v3:1849528-1850517
1903,Pf3D7_13_v3:1874060-1874725
1904,Pf3D7_13_v3:1881902-1882657
1905,Pf3D7_13_v3:1881902-1882657
1906,Pf3D7_13_v3:1881902-1882657
1907,Pf3D7_13_v3:1893613-1895023
1908,Pf3D7_13_v3:1895983-1896402
1909,Pf3D7_13_v3:1895983-1896402
1910,Pf3D7_13_v3:1895983-1896402
1911,Pf3D7_13_v3:1897983-1899362
1912,Pf3D7_13_v3:1925049-1926780
1913,Pf3D7_13_v3:1927449-1928260
1914,Pf3D7_13_v3:1950400-1951847
1915,Pf3D7_13_v3:1953304-1954852
1916,Pf3D7_13_v3:1965963-1966322
1917,Pf3D7_13_v3:1965963-1966322
1918,Pf3D7_13_v3:1965963-1966322
1919,Pf3D7_13_v3:1969769-1970752
1920,Pf3D7_13_v3:1983823-1985011
1921,Pf3D7_13_v3:1997023-1998282
1922,Pf3D7_13_v3:2000681-2002000
1923,Pf3D7_13_v3:2002429-2002989
1924,Pf3D7_13_v3:2003332-2005134
1925,Pf3D7_13_v3:2009477-2010281
1926,Pf3D7_13_v3:2011168-2012085
1927,Pf3D7_13_v3:2023259-2024944
1928,Pf3D7_13_v3:2040405-2041555
1929,Pf3D7_13_v3:2055216-2056721
1930,Pf3D7_13_v3:2065373-2066409
1931,Pf3D7_13_v3:2093365-2094337
1932,Pf3D7_13_v3:2130531-2131065
1933,Pf3D7_13_v3:2144125-2145105
1934,Pf3D7_13_v3:2146181-2147147
1935,Pf3D7_13_v3:2169314-2170416
1936,Pf3D7_13_v3:2169314-2170416
1937,Pf3D7_13_v3:2169314-2170416
1938,Pf3D7_13_v3:2195449-2196978
1939,Pf3D7_13_v3:2195449-2196978
1940,Pf3D7_13_v3:2195449-2196978
1941,Pf3D7_13_v3:2214445-2215085
1942,Pf3D7_13_v3:2214445-2215085
1943,Pf3D7_13_v3:2214445-2215085
1944,Pf3D7_13_v3:2228520-2229291
1945,Pf3D7_13_v3:2231883-2233248
1946,Pf3D7_13_v3:2231883-2233248
1947,Pf3D7_13_v3:2231883-2233248
1948,Pf3D7_13_v3:2240970-2242412
1949,Pf3D7_13_v3:2245189-2246512
1950,Pf3D7_13_v3:2263199-2264755
1951,Pf3D7_13_v3:2265817-2267148
1952,Pf3D7_13_v3:2268901-2270232
1953,Pf3D7_13_v3:2284813-2285703
1954,Pf3D7_13_v3:2284813-2285703
1955,Pf3D7_13_v3:2284813-2285703
1956,Pf3D7_13_v3:2291897-2294134
1957,Pf3D7_13_v3:2317002-2317844
1958,Pf3D7_13_v3:2326394-2326855
1959,Pf3D7_13_v3:2331074-2331529
1960,Pf3D7_13_v3:2405249-2406217
1961,Pf3D7_13_v3:2406838-2408385
1962,Pf3D7_13_v3:2464135-2464718
1963,Pf3D7_13_v3:2470972-2471793
1964,Pf3D7_13_v3:2482472-2483296
1965,Pf3D7_13_v3:2487857-2489475
1966,Pf3D7_13_v3:2493143-2493712
1967,Pf3D7_13_v3:2542284-2543150
1968,Pf3D7_13_v3:2603463-2604972
1969,Pf3D7_13_v3:2603463-2604972
1970,Pf3D7_13_v3:2603463-2604972
1971,Pf3D7_13_v3:2609933-2610581
1972,Pf3D7_13_v3:2609933-2610581
1973,Pf3D7_13_v3:2609933-2610581
1974,Pf3D7_13_v3:2619028-2620567
1975,Pf3D7_13_v3:2624553-2626098
1976,Pf3D7_13_v3:2629861-2631442
1977,Pf3D7_13_v3:2632534-2633260
1978,Pf3D7_13_v3:2635213-2635488
1979,Pf3D7_13_v3:2635213-2635488
1980,Pf3D7_13_v3:2635213-2635488
1981,Pf3D7_13_v3:2636732-2637240
1982,Pf3D7_13_v3:2638091-2638543
1983,Pf3D7_13_v3:2661573-2662022
1984,Pf3D7_13_v3:2679415-2680425
1985,Pf3D7_13_v3:2679415-2680425
1986,Pf3D7_13_v3:2679415-2680425
1987,Pf3D7_13_v3:2683581-2684967
1988,Pf3D7_13_v3:2708813-2709566
1989,Pf3D7_13_v3:2708813-2709566
1990,Pf3D7_13_v3:2708813-2709566
1991,Pf3D7_13_v3:2710406-2711718
1992,Pf3D7_13_v3:2725669-2725947
1993,Pf3D7_13_v3:2739350-2740998
1994,Pf3D7_13_v3:2808563-2809222
1995,Pf3D7_13_v3:2808563-2809222
1996,Pf3D7_13_v3:2808563-2809222
1997,Pf3D7_13_v3:2821078-2823292
1998,Pf3D7_13_v3:2821078-2823292
1999,Pf3D7_13_v3:2821078-2823292
2000,Pf3D7_13_v3:2824302-2825852
2001,Pf3D7_13_v3:2824302-2825852
2002,Pf3D7_13_v3:2824302-2825852
2003,Pf3D7_13_v3:2837053-2839058
2004,Pf3D7_13_v3:2837053-2839058
2005,Pf3D7_13_v3:2837053-2839058
2006,Pf3D7_13_v3:2850891-2853482
2007,Pf3D7_13_v3:2850891-2853482
2008,Pf3D7_13_v3:2850891-2853482
2009,Pf3D7_13_v3:2884786-2892340
2010,Pf3D7_13_v3:2884786-2892340
2011,Pf3D7_13_v3:2884786-2892340
2012,Pf3D7_14_v3:46833-47744
2013,Pf3D7_14_v3:53411-53734
2014,Pf3D7_14_v3:61364-62988
2015,Pf3D7_14_v3:66269-67081
2016,Pf3D7_14_v3:71368-72690
2017,Pf3D7_14_v3:92264-93537
2018,Pf3D7_14_v3:94980-98404
2019,Pf3D7_14_v3:120069-121134
2020,Pf3D7_14_v3:130022-132100
2021,Pf3D7_14_v3:143984-144661
2022,Pf3D7_14_v3:143984-144661
2023,Pf3D7_14_v3:143984-144661
2024,Pf3D7_14_v3:145134-145649
2025,Pf3D7_14_v3:145134-145649
2026,Pf3D7_14_v3:145134-145649
2027,Pf3D7_14_v3:151765-152310
2028,Pf3D7_14_v3:151765-152310
2029,Pf3D7_14_v3:151765-152310
2030,Pf3D7_14_v3:170000-170893
2031,Pf3D7_14_v3:180897-181649
2032,Pf3D7_14_v3:193216-194265
2033,Pf3D7_14_v3:210300-210960
2034,Pf3D7_14_v3:210300-210960
2035,Pf3D7_14_v3:210300-210960
2036,Pf3D7_14_v3:244908-245492
2037,Pf3D7_14_v3:246380-247721
2038,Pf3D7_14_v3:268108-268692
2039,Pf3D7_14_v3:269881-270927
2040,Pf3D7_14_v3:279176-280673
2041,Pf3D7_14_v3:283086-284435
2042,Pf3D7_14_v3:288297-289655
2043,Pf3D7_14_v3:320274-320861
2044,Pf3D7_14_v3:320274-320861
2045,Pf3D7_14_v3:320274-320861
2046,Pf3D7_14_v3:323317-324172
2047,Pf3D7_14_v3:351025-352047
2048,Pf3D7_14_v3:351025-352047
2049,Pf3D7_14_v3:351025-352047
2050,Pf3D7_14_v3:360656-361539
2051,Pf3D7_14_v3:365509-367027
2052,Pf3D7_14_v3:423751-424250
2053,Pf3D7_14_v3:427191-428588
2054,Pf3D7_14_v3:433951-435318
2055,Pf3D7_14_v3:433951-435318
2056,Pf3D7_14_v3:433951-435318
2057,Pf3D7_14_v3:447923-449968
2058,Pf3D7_14_v3:482437-483399
2059,Pf3D7_14_v3:491494-492221
2060,Pf3D7_14_v3:491494-492221
2061,Pf3D7_14_v3:491494-492221
2062,Pf3D7_14_v3:507360-508868
2063,Pf3D7_14_v3:521209-522898
2064,Pf3D7_14_v3:532818-533289
2065,Pf3D7_14_v3:532818-533289
2066,Pf3D7_14_v3:532818-533289
2067,Pf3D7_14_v3:538869-540572
2068,Pf3D7_14_v3:551862-553235
2069,Pf3D7_14_v3:551862-553235
2070,Pf3D7_14_v3:551862-553235
2071,Pf3D7_14_v3:564024-565247
2072,Pf3D7_14_v3:575496-577055
2073,Pf3D7_14_v3:599763-600680
2074,Pf3D7_14_v3:599763-600680
2075,Pf3D7_14_v3:599763-600680
2076,Pf3D7_14_v3:611865-612736
2077,Pf3D7_14_v3:611865-612736
2078,Pf3D7_14_v3:611865-612736
2079,Pf3D7_14_v3:634815-636533
2080,Pf3D7_14_v3:659539-660903
2081,Pf3D7_14_v3:690451-691272
2082,Pf3D7_14_v3:726979-728379
2083,Pf3D7_14_v3:750330-751684
2084,Pf3D7_14_v3:750330-751684
2085,Pf3D7_14_v3:750330-751684
2086,Pf3D7_14_v3:759360-761422
2087,Pf3D7_14_v3:775460-776311
2088,Pf3D7_14_v3:776672-777082
2089,Pf3D7_14_v3:813778-814413
2090,Pf3D7_14_v3:843711-844619
2091,Pf3D7_14_v3:867802-868920
2092,Pf3D7_14_v3:875687-876385
2093,Pf3D7_14_v3:884398-885074
2094,Pf3D7_14_v3:884398-885074
2095,Pf3D7_14_v3:884398-885074
2096,Pf3D7_14_v3:888838-889953
2097,Pf3D7_14_v3:891140-891622
2098,Pf3D7_14_v3:891991-893049
2099,Pf3D7_14_v3:891991-893049
2100,Pf3D7_14_v3:891991-893049
2101,Pf3D7_14_v3:897980-899044
2102,Pf3D7_14_v3:973853-975543
2103,Pf3D7_14_v3:977908-979166
2104,Pf3D7_14_v3:985365-987755
2105,Pf3D7_14_v3:1016133-1016618
2106,Pf3D7_14_v3:1018745-1019260
2107,Pf3D7_14_v3:1021652-1022857
2108,Pf3D7_14_v3:1021652-1022857
2109,Pf3D7_14_v3:1021652-1022857
2110,Pf3D7_14_v3:1027966-1029948
2111,Pf3D7_14_v3:1050050-1050316
2112,Pf3D7_14_v3:1050050-1050316
2113,Pf3D7_14_v3:1050050-1050316
2114,Pf3D7_14_v3:1088362-1089102
2115,Pf3D7_14_v3:1088362-1089102
2116,Pf3D7_14_v3:1088362-1089102
2117,Pf3D7_14_v3:1129470-1130771
2118,Pf3D7_14_v3:1133067-1134400
2119,Pf3D7_14_v3:1140579-1141292
2120,Pf3D7_14_v3:1167144-1167803
2121,Pf3D7_14_v3:1168236-1169336
2122,Pf3D7_14_v3:1181664-1182982
2123,Pf3D7_14_v3:1214935-1215732
2124,Pf3D7_14_v3:1216653-1217171
2125,Pf3D7_14_v3:1247030-1247950
2126,Pf3D7_14_v3:1257643-1258971
2127,Pf3D7_14_v3:1260908-1262826
2128,Pf3D7_14_v3:1290468-1291459
2129,Pf3D7_14_v3:1296173-1297211
2130,Pf3D7_14_v3:1298639-1298977
2131,Pf3D7_14_v3:1298639-1298977
2132,Pf3D7_14_v3:1298639-1298977
2133,Pf3D7_14_v3:1341689-1342289
2134,Pf3D7_14_v3:1366979-1368202
2135,Pf3D7_14_v3:1368815-1369796
2136,Pf3D7_14_v3:1407258-1407746
2137,Pf3D7_14_v3:1433738-1434310
2138,Pf3D7_14_v3:1433738-1434310
2139,Pf3D7_14_v3:1433738-1434310
2140,Pf3D7_14_v3:1436280-1437044
2141,Pf3D7_14_v3:1479777-1482758
2142,Pf3D7_14_v3:1498758-1499492
2143,Pf3D7_14_v3:1500128-1500965
2144,Pf3D7_14_v3:1507359-1510089
2145,Pf3D7_14_v3:1513938-1514961
2146,Pf3D7_14_v3:1521105-1521920
2147,Pf3D7_14_v3:1530276-1530830
2148,Pf3D7_14_v3:1533329-1534947
2149,Pf3D7_14_v3:1600933-1602000
2150,Pf3D7_14_v3:1612521-1613063
2151,Pf3D7_14_v3:1612521-1613063
2152,Pf3D7_14_v3:1612521-1613063
2153,Pf3D7_14_v3:1613853-1615542
2154,Pf3D7_14_v3:1673386-1674069
2155,Pf3D7_14_v3:1673386-1674069
2156,Pf3D7_14_v3:1673386-1674069
2157,Pf3D7_14_v3:1678662-1679486
2158,Pf3D7_14_v3:1678662-1679486
2159,Pf3D7_14_v3:1678662-1679486
2160,Pf3D7_14_v3:1704594-1704797
2161,Pf3D7_14_v3:1706520-1707512
2162,Pf3D7_14_v3:1706520-1707512
2163,Pf3D7_14_v3:1706520-1707512
2164,Pf3D7_14_v3:1776010-1776662
2165,Pf3D7_14_v3:1791911-1793004
2166,Pf3D7_14_v3:1791911-1793004
2167,Pf3D7_14_v3:1791911-1793004
2168,Pf3D7_14_v3:1826127-1827163
2169,Pf3D7_14_v3:1841029-1841592
2170,Pf3D7_14_v3:1841960-1842906
2171,Pf3D7_14_v3:1841960-1842906
2172,Pf3D7_14_v3:1841960-1842906
2173,Pf3D7_14_v3:1844041-1845617
2174,Pf3D7_14_v3:1848315-1848833
2175,Pf3D7_14_v3:1867616-1868065
2176,Pf3D7_14_v3:1875421-1876874
2177,Pf3D7_14_v3:1885443-1888323
2178,Pf3D7_14_v3:1917232-1918010
2179,Pf3D7_14_v3:1917232-1918010
2180,Pf3D7_14_v3:1917232-1918010
2181,Pf3D7_14_v3:1924425-1926650
2182,Pf3D7_14_v3:1932421-1933200
2183,Pf3D7_14_v3:1937706-1939117
2184,Pf3D7_14_v3:1997542-1998303
2185,Pf3D7_14_v3:2001083-2002106
2186,Pf3D7_14_v3:2002921-2003373
2187,Pf3D7_14_v3:2002921-2003373
2188,Pf3D7_14_v3:2002921-2003373
2189,Pf3D7_14_v3:2014670-2015055
2190,Pf3D7_14_v3:2043009-2043542
2191,Pf3D7_14_v3:2051621-2053123
2192,Pf3D7_14_v3:2055791-2056437
2193,Pf3D7_14_v3:2090902-2093400
2194,Pf3D7_14_v3:2113561-2114004
2195,Pf3D7_14_v3:2118947-2120280
2196,Pf3D7_14_v3:2151823-2153614
2197,Pf3D7_14_v3:2170461-2171690
2198,Pf3D7_14_v3:2176837-2178729
2199,Pf3D7_14_v3:2187385-2187615
2200,Pf3D7_14_v3:2187385-2187615
2201,Pf3D7_14_v3:2187385-2187615
2202,Pf3D7_14_v3:2207027-2208320
2203,Pf3D7_14_v3:2207027-2208320
2204,Pf3D7_14_v3:2207027-2208320
2205,Pf3D7_14_v3:2221351-2221884
2206,Pf3D7_14_v3:2238394-2238882
2207,Pf3D7_14_v3:2239538-2240227
2208,Pf3D7_14_v3:2243873-2244367
2209,Pf3D7_14_v3:2245100-2245564
2210,Pf3D7_14_v3:2251188-2251934
2211,Pf3D7_14_v3:2255062-2256741
2212,Pf3D7_14_v3:2255062-2256741
2213,Pf3D7_14_v3:2255062-2256741
2214,Pf3D7_14_v3:2262739-2263801
2215,Pf3D7_14_v3:2321953-2322798
2216,Pf3D7_14_v3:2329933-2332086
2217,Pf3D7_14_v3:2336649-2339153
2218,Pf3D7_14_v3:2343640-2344218
2219,Pf3D7_14_v3:2360874-2362133
2220,Pf3D7_14_v3:2372233-2373744
2221,Pf3D7_14_v3:2390726-2390902
2222,Pf3D7_14_v3:2390726-2390902
2223,Pf3D7_14_v3:2390726-2390902
2224,Pf3D7_14_v3:2391118-2391601
2225,Pf3D7_14_v3:2410954-2412015
2226,Pf3D7_14_v3:2418422-2419298
2227,Pf3D7_14_v3:2432177-2432746
2228,Pf3D7_14_v3:2433361-2434383
2229,Pf3D7_14_v3:2446983-2448298
2230,Pf3D7_14_v3:2446983-2448298
2231,Pf3D7_14_v3:2446983-2448298
2232,Pf3D7_14_v3:2459214-2459964
2233,Pf3D7_14_v3:2459214-2459964
2234,Pf3D7_14_v3:2459214-2459964
2235,Pf3D7_14_v3:2461321-2463104
2236,Pf3D7_14_v3:2473758-2474204
2237,Pf3D7_14_v3:2475501-2476473
2238,Pf3D7_14_v3:2482775-2485086
2239,Pf3D7_14_v3:2489698-2490249
2240,Pf3D7_14_v3:2492166-2492369
2241,Pf3D7_14_v3:2492166-2492369
2242,Pf3D7_14_v3:2492166-2492369
2243,Pf3D7_14_v3:2501578-2502515
2244,Pf3D7_14_v3:2518392-2518757
2245,Pf3D7_14_v3:2518392-2518757
2246,Pf3D7_14_v3:2518392-2518757
2247,Pf3D7_14_v3:2523919-2524140
2248,Pf3D7_14_v3:2523919-2524140
2249,Pf3D7_14_v3:2523919-2524140
2250,Pf3D7_14_v3:2565357-2566283
2251,Pf3D7_14_v3:2565357-2566283
2252,Pf3D7_14_v3:2565357-2566283
2253,Pf3D7_14_v3:2570434-2571719
2254,Pf3D7_14_v3:2580115-2580486
2255,Pf3D7_14_v3:2581543-2582523
2256,Pf3D7_14_v3:2598842-2599954
2257,Pf3D7_14_v3:2604381-2605411
2258,Pf3D7_14_v3:2604381-2605411
2259,Pf3D7_14_v3:2604381-2605411
2260,Pf3D7_14_v3:2625452-2626600
2261,Pf3D7_14_v3:2628882-2629789
2262,Pf3D7_14_v3:2640872-2642002
2263,Pf3D7_14_v3:2646603-2647033
2264,Pf3D7_14_v3:2684141-2685534
2265,Pf3D7_14_v3:2684141-2685534
2266,Pf3D7_14_v3:2684141-2685534
2267,Pf3D7_14_v3:2714844-2717285
2268,Pf3D7_14_v3:2725225-2726281
2269,Pf3D7_14_v3:2726800-2727642
2270,Pf3D7_14_v3:2766108-2766616
2271,Pf3D7_14_v3:2767400-2767935
2272,Pf3D7_14_v3:2767400-2767935
2273,Pf3D7_14_v3:2767400-2767935
2274,Pf3D7_14_v3:2802508-2803188
2275,Pf3D7_14_v3:2803593-2804613
2276,Pf3D7_14_v3:2809478-2812066
2277,Pf3D7_14_v3:2812941-2814385
2278,Pf3D7_14_v3:2825370-2826918
2279,Pf3D7_14_v3:2825370-2826918
2280,Pf3D7_14_v3:2825370-2826918
2281,Pf3D7_14_v3:2837319-2838101
2282,Pf3D7_14_v3:2837319-2838101
2283,Pf3D7_14_v3:2837319-2838101
2284,Pf3D7_14_v3:2863914-2864531
2285,Pf3D7_14_v3:2865024-2866245
2286,Pf3D7_14_v3:2868291-2869356
2287,Pf3D7_14_v3:2879458-2879904
2288,Pf3D7_14_v3:2880157-2881012
2289,Pf3D7_14_v3:2897916-2898657
2290,Pf3D7_14_v3:2902134-2903537
2291,Pf3D7_14_v3:2932023-2932787
2292,Pf3D7_14_v3:2940478-2941603
2293,Pf3D7_14_v3:2941600-2943259
2294,Pf3D7_14_v3:2961722-2962645
2295,Pf3D7_14_v3:2972978-2974054
2296,Pf3D7_14_v3:2975115-2975492
2297,Pf3D7_14_v3:2997600-2997944
2298,Pf3D7_14_v3:2997600-2997944
2299,Pf3D7_14_v3:2997600-2997944
2300,Pf3D7_14_v3:3023228-3023726
2301,Pf3D7_14_v3:3040768-3043560
2302,Pf3D7_14_v3:3060864-3062634
2303,Pf3D7_14_v3:3075788-3076186
2304,Pf3D7_14_v3:3085496-3086182
2305,Pf3D7_14_v3:3117392-3118951
2306,Pf3D7_14_v3:3127677-3128119
2307,Pf3D7_14_v3:3127677-3128119
2308,Pf3D7_14_v3:3127677-3128119
2309,Pf3D7_14_v3:3131104-3131637
2310,Pf3D7_14_v3:3147490-3148584
2311,Pf3D7_14_v3:3257135-3257841
2312,Pf3D7_14_v3:3257135-3257841
2313,Pf3D7_14_v3:3257135-3257841
2314,Pf3D7_API_v3:1667-2239
2315,Pf3D7_API_v3:1667-2239
2316,Pf3D7_API_v3:1667-2239
2317,Pf3D7_API_v3:2467-3204
2318,Pf3D7_API_v3:2467-3204
2319,Pf3D7_API_v3:2467-3204
2320,Pf3D7_API_v3:3226-3498
2321,Pf3D7_API_v3:3226-3498
2322,Pf3D7_API_v3:3226-3498
2323,Pf3D7_API_v3:3507-4151
2324,Pf3D7_API_v3:3507-4151
2325,Pf3D7_API_v3:3507-4151
2326,Pf3D7_API_v3:4178-4567
2327,Pf3D7_API_v3:4178-4567
2328,Pf3D7_API_v3:4178-4567
2329,Pf3D7_API_v3:4581-4805
2330,Pf3D7_API_v3:4581-4805
2331,Pf3D7_API_v3:4581-4805
2332,Pf3D7_API_v3:4802-5158
2333,Pf3D7_API_v3:4802-5158
2334,Pf3D7_API_v3:4802-5158
2335,Pf3D7_API_v3:6072-6791
2336,Pf3D7_API_v3:6072-6791
2337,Pf3D7_API_v3:6072-6791
2338,Pf3D7_API_v3:6799-7074
2339,Pf3D7_API_v3:6799-7074
2340,Pf3D7_API_v3:6799-7074
2341,Pf3D7_API_v3:7147-7545
2342,Pf3D7_API_v3:7147-7545
2343,Pf3D7_API_v3:7147-7545
2344,Pf3D7_API_v3:7559-7927
2345,Pf3D7_API_v3:7559-7927
2346,Pf3D7_API_v3:7559-7927
2347,Pf3D7_API_v3:7943-8371
2348,Pf3D7_API_v3:7943-8371
2349,Pf3D7_API_v3:7943-8371
2350,Pf3D7_API_v3:8417-9649
2351,Pf3D7_API_v3:8417-9649
2352,Pf3D7_API_v3:8417-9649
2353,Pf3D7_API_v3:10223-10612
2354,Pf3D7_API_v3:10223-10612
2355,Pf3D7_API_v3:10223-10612
2356,Pf3D7_API_v3:10596-12899
2357,Pf3D7_API_v3:10596-12899
2358,Pf3D7_API_v3:10596-12899
2359,Pf3D7_API_v3:13005-13244
2360,Pf3D7_API_v3:13005-13244
2361,Pf3D7_API_v3:13005-13244
2362,Pf3D7_API_v3:13661-14344
2363,Pf3D7_API_v3:13661-14344
2364,Pf3D7_API_v3:13661-14344
2365,Pf3D7_API_v3:14357-17238
2366,Pf3D7_API_v3:14357-17238
2367,Pf3D7_API_v3:14357-17238
2368,Pf3D7_API_v3:17247-18974
2369,Pf3D7_API_v3:17247-18974
2370,Pf3D7_API_v3:17247-18974
2371,Pf3D7_API_v3:18977-22051
2372,Pf3D7_API_v3:18977-22051
2373,Pf3D7_API_v3:18977-22051
2374,Pf3D7_API_v3:22528-23940
2375,Pf3D7_API_v3:22528-23940
2376,Pf3D7_API_v3:22528-23940
